Student_ID,Gender,Age,Department,Year_of_Study,Attendance_Percentage,Study_Hours_Per_Day,Previous_CGPA,Assignment_Completion_Rate,Online_Resources_Used,Extracurricular_Activities,Sleep_Hours,Family_Income_Category,Internet_Access,Mental_Health_Score,Part_Time_Job,Distance_From_College_KM,Final_Grade,Performance_Score,Predicted_Score,Risk_Category,Attendance_Group,Study_Group
S0001,Male,18,Civil,1,73.1,7.9,8.36,81.1,Yes,2,7.5,Low,Yes,8.3,No,7.2,D,35.6,40.69699999999996,At-Risk,"(60, 75]","(6, 10]"
S0002,Female,20,BBA,3,84.7,4.1,9.4,66.8,No,1,5.4,Medium,Yes,2.7,Yes,3.1,C,48.1,49.72799999999997,At-Risk,"(75, 90]","(4, 6]"
S0003,Female,22,Electrical,4,86.9,6.5,7.19,66.6,No,2,5.4,Medium,No,10.0,No,3.5,C,59.0,57.55499999999999,At-Risk,"(75, 90]","(6, 10]"
S0004,Female,21,BBA,2,86.3,6.7,9.26,66.8,Yes,2,6.7,High,Yes,7.9,No,4.2,C,50.5,55.257999999999996,At-Risk,"(75, 90]","(6, 10]"
S0005,Male,22,Civil,1,65.8,2.1,6.24,62.3,No,2,6.8,Low,No,8.7,Yes,7.0,D,33.8,33.03700000000004,At-Risk,"(60, 75]","(2, 4]"
S0006,Male,21,MBA,1,76.3,4.8,6.46,56.1,Yes,1,8.1,Medium,Yes,6.8,No,11.6,D,42.1,44.239999999999974,At-Risk,"(75, 90]","(4, 6]"
S0007,Male,21,Mechanical,1,81.6,7.1,8.93,80.8,Yes,4,5.6,Medium,Yes,6.2,No,20.4,D,41.5,46.04599999999999,At-Risk,"(75, 90]","(6, 10]"
S0008,Female,22,MBA,2,76.5,3.4,7.27,61.4,Yes,3,6.0,Medium,Yes,5.9,No,4.4,C,52.0,49.037,At-Risk,"(75, 90]","(2, 4]"
S0009,Female,19,BBA,3,67.0,0.8,5.34,56.2,Yes,0,9.7,Medium,Yes,5.5,Yes,3.0,D,34.3,32.83800000000004,At-Risk,"(60, 75]","(0, 2]"
S0010,Female,20,Mechanical,1,77.4,4.1,7.42,80.3,Yes,1,4.3,Medium,Yes,6.4,Yes,5.8,B,60.0,53.655,At-Risk,"(75, 90]","(4, 6]"
S0011,Male,19,Computer Science,3,73.6,4.1,6.2,82.7,Yes,1,4.1,Medium,Yes,4.2,No,23.5,D,41.2,41.810999999999964,At-Risk,"(60, 75]","(4, 6]"
S0012,Other,25,Electronics,4,85.0,5.6,7.31,52.7,No,1,4.8,Low,No,7.1,No,1.1,C,58.0,56.26499999999999,At-Risk,"(75, 90]","(4, 6]"
S0013,Female,23,MBA,2,61.6,2.1,4.08,49.0,No,4,7.8,Medium,Yes,6.0,Yes,12.3,F,9.0,15.137999999999998,At-Risk,"(60, 75]","(2, 4]"
S0014,Male,17,Civil,3,57.1,2.2,4.75,48.8,Yes,0,6.0,Low,Yes,6.5,No,7.5,F,28.9,29.774000000000036,At-Risk,"(0, 60]","(2, 4]"
S0015,Male,21,Computer Science,2,74.6,3.0,7.39,66.8,No,4,6.0,Medium,No,7.6,Yes,2.8,D,39.3,39.17400000000005,At-Risk,"(60, 75]","(2, 4]"
S0016,Male,23,Electronics,3,77.3,3.9,6.69,61.0,Yes,0,5.3,Medium,Yes,5.6,No,4.9,D,44.5,46.112999999999985,At-Risk,"(75, 90]","(2, 4]"
S0017,Male,18,Civil,2,85.7,4.1,6.86,78.8,Yes,2,7.6,Medium,Yes,8.7,No,3.5,D,41.9,44.95000000000001,At-Risk,"(75, 90]","(4, 6]"
S0018,Female,20,Electrical,2,65.9,4.9,7.47,53.7,No,1,4.9,High,No,4.9,No,22.0,C,48.2,44.105999999999966,At-Risk,"(60, 75]","(4, 6]"
S0019,Male,23,Civil,1,64.4,5.0,6.96,60.3,Yes,1,5.8,High,Yes,3.7,No,7.6,F,24.0,28.598000000000003,At-Risk,"(60, 75]","(4, 6]"
S0020,Male,17,Mechanical,2,77.8,4.0,6.96,62.4,No,3,5.4,High,Yes,8.8,No,9.3,D,44.8,43.78100000000005,At-Risk,"(75, 90]","(2, 4]"
S0021,Female,21,Mechanical,1,65.7,4.3,5.9,61.6,No,1,3.3000000000000007,Medium,No,7.1,No,10.0,D,33.4,34.99700000000002,At-Risk,"(60, 75]","(4, 6]"
S0022,Male,19,Electrical,2,79.7,6.6,7.61,85.8,Yes,2,5.9,Medium,Yes,5.6,No,11.2,B,71.2,61.79099999999994,Average,"(75, 90]","(6, 10]"
S0023,Male,23,Computer Science,1,70.9,2.7,4.58,40.8,No,0,6.4,Medium,No,7.1,No,7.8,D,33.0,34.290000000000006,At-Risk,"(60, 75]","(2, 4]"
S0024,Male,24,Electronics,4,74.0,3.8,6.28,69.2,Yes,0,5.6,High,Yes,4.0,No,1.2,D,39.2,42.475,At-Risk,"(60, 75]","(2, 4]"
S0025,Male,23,Civil,3,81.6,6.9,8.56,78.3,Yes,1,6.2,Medium,Yes,6.6,No,5.1,C,53.0,54.20599999999999,At-Risk,"(75, 90]","(6, 10]"
S0026,Female,20,Mechanical,2,70.7,3.6,6.22,55.6,No,4,6.2,High,Yes,5.4,Yes,3.0,D,41.9,38.108999999999995,At-Risk,"(60, 75]","(2, 4]"
S0027,Male,22,Computer Science,1,71.9,3.5,7.15,67.7,Yes,4,6.3,High,Yes,6.0,Yes,12.4,F,16.9,26.060000000000024,At-Risk,"(60, 75]","(2, 4]"
S0028,Female,22,Electrical,4,81.5,8.2,8.47,76.5,No,1,5.2,Medium,Yes,8.8,No,1.6,B,60.3,57.48800000000006,At-Risk,"(75, 90]","(6, 10]"
S0029,Female,19,BBA,3,78.9,3.6,7.54,70.3,Yes,1,5.2,Low,Yes,7.6,Yes,9.3,C,46.7,47.553999999999945,At-Risk,"(75, 90]","(2, 4]"
S0030,Male,22,MBA,3,85.0,6.3,8.82,84.6,Yes,1,6.6,Low,No,6.0,Yes,3.4,B,61.1,58.07000000000006,At-Risk,"(75, 90]","(6, 10]"
S0031,Female,17,BBA,1,74.8,8.3,8.1,69.5,No,3,4.7,High,Yes,2.2,No,29.4,C,56.3,50.011,At-Risk,"(60, 75]","(6, 10]"
S0032,Male,20,BBA,2,78.6,2.0,6.24,67.4,Yes,0,6.2,Low,Yes,5.4,Yes,5.1,D,40.6,39.16399999999996,At-Risk,"(75, 90]","(0, 2]"
S0033,Male,19,Mechanical,1,75.1,3.1,5.88,42.6,No,0,8.5,High,Yes,6.0,No,4.9,C,45.7,43.626999999999946,At-Risk,"(75, 90]","(2, 4]"
S0034,Female,18,Electrical,1,71.0,5.1,6.59,63.8,Yes,2,6.5,Medium,Yes,3.8,No,26.7,D,39.7,40.12199999999996,At-Risk,"(60, 75]","(4, 6]"
S0035,Other,18,Civil,3,76.3,5.1,7.41,67.7,Yes,3,4.3,Medium,Yes,4.1,No,6.4,D,43.4,43.94100000000001,At-Risk,"(75, 90]","(4, 6]"
S0036,Female,21,BBA,3,80.3,2.7,7.64,71.9,Yes,0,6.7,High,Yes,3.6,Yes,29.4,D,37.0,41.101000000000006,At-Risk,"(75, 90]","(2, 4]"
S0037,Male,19,BBA,3,84.2,5.2,7.26,74.5,Yes,1,7.5,Medium,No,9.7,No,1.2,C,47.5,48.025,At-Risk,"(75, 90]","(4, 6]"
S0038,Male,21,Electronics,4,76.3,1.0,5.61,68.7,Yes,1,5.5,Medium,No,4.1,Yes,4.7,D,42.0,41.126000000000005,At-Risk,"(75, 90]","(0, 2]"
S0039,Female,18,Mechanical,3,69.2,4.1,5.79,68.4,Yes,0,6.1,Medium,Yes,3.1,No,12.0,C,53.7,48.45099999999994,At-Risk,"(60, 75]","(4, 6]"
S0040,Male,19,Mechanical,2,80.6,5.6,7.18,76.5,Yes,4,5.4,Medium,No,5.7,No,23.2,C,46.8,47.426000000000016,At-Risk,"(75, 90]","(4, 6]"
S0041,Male,20,Civil,2,88.7,8.0,9.21,87.1,Yes,0,5.9,Medium,Yes,5.8,No,4.0,C,58.9,60.62299999999993,Average,"(75, 90]","(6, 10]"
S0042,Female,21,MBA,4,65.0,5.0,5.58,51.9,No,0,5.7,Low,Yes,3.9,No,27.7,C,47.2,43.793999999999976,At-Risk,"(60, 75]","(4, 6]"
S0043,Male,19,Computer Science,1,76.3,4.5,6.68,60.0,No,1,7.0,High,Yes,8.4,No,10.0,C,53.7,50.515999999999934,At-Risk,"(75, 90]","(4, 6]"
S0044,Female,20,Electronics,4,81.1,6.6,6.44,54.9,Yes,0,8.5,High,Yes,9.3,No,17.1,C,48.8,49.58300000000005,At-Risk,"(75, 90]","(6, 10]"
S0045,Male,22,Mechanical,3,79.8,4.0,5.74,76.3,Yes,1,6.6,Low,No,5.2,No,6.1,D,37.6,40.936000000000014,At-Risk,"(75, 90]","(2, 4]"
S0046,Female,20,Electronics,1,74.5,2.3,5.76,62.3,Yes,1,4.6,Medium,Yes,3.1,No,3.4,C,49.8,44.04700000000005,At-Risk,"(60, 75]","(2, 4]"
S0047,Male,19,Mechanical,2,76.8,3.7,6.9,79.1,Yes,1,9.5,Medium,Yes,6.8,No,25.2,D,42.7,44.30399999999995,At-Risk,"(75, 90]","(2, 4]"
S0048,Female,17,Electronics,4,76.3,4.9,8.26,75.9,Yes,1,7.2,Low,Yes,7.8,No,28.1,C,48.4,50.18999999999999,At-Risk,"(75, 90]","(4, 6]"
S0049,Female,22,Electrical,2,65.6,4.0,4.36,65.8,Yes,2,7.4,High,Yes,6.0,No,7.9,D,38.6,38.63599999999996,At-Risk,"(60, 75]","(2, 4]"
S0050,Male,17,BBA,4,81.6,7.6,8.97,76.6,Yes,2,6.4,Low,Yes,6.7,No,1.1,B,63.3,58.01600000000005,At-Risk,"(75, 90]","(6, 10]"
S0051,Other,22,Mechanical,4,76.3,3.8,6.37,56.4,Yes,0,6.8,Low,No,4.3,Yes,2.2,C,46.8,45.918000000000056,At-Risk,"(75, 90]","(2, 4]"
S0052,Female,20,Electronics,2,76.1,3.3,6.48,66.8,Yes,0,6.1,Medium,Yes,5.9,No,9.5,C,53.1,48.95500000000001,At-Risk,"(75, 90]","(2, 4]"
S0053,Female,23,Computer Science,2,77.0,6.2,7.47,68.5,No,0,7.6,Medium,Yes,6.8,No,1.2,C,48.8,49.196000000000076,At-Risk,"(75, 90]","(6, 10]"
S0054,Female,21,Electrical,4,64.6,6.8,7.91,76.7,No,0,5.9,Medium,Yes,4.4,No,6.1,C,51.2,48.518999999999934,At-Risk,"(60, 75]","(6, 10]"
S0055,Female,25,Electrical,3,84.7,5.6,6.42,68.5,Yes,4,7.1,Medium,Yes,7.1,No,4.6,C,47.9,56.510000000000026,At-Risk,"(75, 90]","(4, 6]"
S0056,Female,19,Computer Science,1,77.4,4.9,7.49,81.0,Yes,1,7.7,Medium,Yes,6.4,No,13.5,C,57.8,50.157,At-Risk,"(75, 90]","(4, 6]"
S0057,Male,21,Electronics,1,64.0,3.8,5.16,67.1,Yes,2,8.0,Medium,Yes,6.7,No,1.6,D,32.7,34.69499999999996,At-Risk,"(60, 75]","(2, 4]"
S0058,Male,20,Civil,2,80.7,3.3,8.25,67.3,No,1,7.7,Low,No,4.9,Yes,7.7,D,44.9,45.878000000000014,At-Risk,"(75, 90]","(2, 4]"
S0059,Male,20,Computer Science,4,78.5,5.2,7.75,68.7,Yes,0,5.3,Medium,Yes,6.8,No,9.7,C,50.0,50.602999999999994,At-Risk,"(75, 90]","(4, 6]"
S0060,Male,20,Electronics,4,81.2,2.2,7.8,73.7,Yes,2,8.4,Low,No,8.7,Yes,10.6,C,52.1,48.702000000000034,At-Risk,"(75, 90]","(2, 4]"
S0061,Male,22,Computer Science,3,68.4,5.2,6.02,73.0,Yes,1,7.3,Low,Yes,5.7,No,6.2,C,53.0,42.882,At-Risk,"(60, 75]","(4, 6]"
S0062,Male,25,Computer Science,1,77.3,5.7,8.52,66.8,No,0,6.9,Medium,No,5.6,No,4.6,C,56.2,54.97899999999994,At-Risk,"(75, 90]","(4, 6]"
S0063,Female,21,Mechanical,1,88.7,4.4,7.39,69.7,No,2,7.0,Low,No,5.3,No,12.5,C,53.7,52.80699999999996,At-Risk,"(75, 90]","(4, 6]"
S0064,Male,20,Electronics,4,72.0,5.3,7.35,81.7,Yes,2,6.3,Low,Yes,6.5,No,19.8,C,47.6,41.48000000000001,At-Risk,"(60, 75]","(4, 6]"
S0065,Male,20,Civil,1,72.2,5.3,7.42,63.5,No,0,5.9,Low,Yes,6.2,No,12.8,D,39.9,40.869000000000035,At-Risk,"(60, 75]","(4, 6]"
S0066,Female,21,BBA,1,69.3,5.6,7.09,61.9,Yes,1,6.1,High,Yes,4.8,No,27.9,D,44.9,43.502000000000024,At-Risk,"(60, 75]","(4, 6]"
S0067,Male,19,Mechanical,1,83.3,6.7,7.1,52.7,No,2,8.0,High,Yes,7.2,No,13.6,C,47.3,53.922,At-Risk,"(75, 90]","(6, 10]"
S0068,Female,18,Computer Science,3,86.9,4.2,7.38,85.9,Yes,0,6.6,Medium,Yes,7.4,No,15.5,C,49.2,48.28000000000004,At-Risk,"(75, 90]","(4, 6]"
S0069,Male,19,BBA,4,75.1,5.7,8.67,62.0,No,1,6.8,High,Yes,2.9,No,2.8,C,45.7,47.63799999999994,At-Risk,"(75, 90]","(4, 6]"
S0070,Other,19,MBA,1,69.9,3.4,6.2,68.4,No,3,6.6,Medium,Yes,3.5,No,6.4,C,56.2,49.24999999999994,At-Risk,"(60, 75]","(2, 4]"
S0071,Female,19,BBA,2,68.1,4.4,6.29,54.9,No,5,5.7,Medium,No,6.0,No,7.6,C,49.2,40.27699999999999,At-Risk,"(60, 75]","(4, 6]"
S0072,Male,19,Computer Science,3,87.4,3.8,7.91,79.1,No,2,3.9,Low,No,5.1,Yes,4.0,C,46.3,47.39200000000005,At-Risk,"(75, 90]","(2, 4]"
S0073,Male,17,Computer Science,4,82.1,4.4,8.15,80.4,Yes,0,7.4,Medium,Yes,7.2,No,8.5,D,35.9,50.079000000000015,At-Risk,"(75, 90]","(4, 6]"
S0074,Female,17,Electronics,1,77.5,5.1,6.64,70.0,No,1,7.3,Medium,No,9.0,No,4.4,D,44.8,47.77200000000006,At-Risk,"(75, 90]","(4, 6]"
S0075,Female,25,Electronics,2,89.4,6.9,9.91,87.3,No,2,6.5,Medium,No,7.1,No,12.6,B,67.0,65.275,Average,"(75, 90]","(6, 10]"
S0076,Female,20,Mechanical,2,79.9,3.8,6.34,66.9,Yes,2,5.2,Medium,Yes,8.9,No,7.4,D,30.4,35.605000000000025,At-Risk,"(75, 90]","(2, 4]"
S0077,Female,19,Civil,4,81.2,5.0,6.88,73.1,Yes,3,8.7,Medium,Yes,8.9,No,7.1,C,59.7,53.115,At-Risk,"(75, 90]","(4, 6]"
S0078,Male,21,Mechanical,2,85.2,7.3,8.52,66.8,No,2,6.1,Medium,No,6.7,No,29.4,B,65.7,64.29499999999993,Average,"(75, 90]","(6, 10]"
S0079,Male,19,Electrical,1,74.4,7.1,8.42,90.0,No,3,6.8,High,Yes,5.7,No,6.0,C,53.4,50.98600000000001,At-Risk,"(60, 75]","(6, 10]"
S0080,Male,23,Computer Science,3,74.0,4.8,6.38,64.8,Yes,4,5.7,Medium,Yes,5.5,No,5.5,C,45.2,44.81299999999994,At-Risk,"(60, 75]","(4, 6]"
S0081,Female,21,BBA,3,81.6,4.7,7.3,65.1,Yes,2,4.9,Medium,No,5.8,No,4.8,D,42.2,43.21299999999994,At-Risk,"(75, 90]","(4, 6]"
S0082,Female,18,MBA,1,73.4,4.7,6.43,69.2,Yes,0,7.2,Medium,Yes,7.7,No,23.5,D,43.1,42.175999999999966,At-Risk,"(60, 75]","(4, 6]"
S0083,Male,20,Computer Science,4,77.2,2.6,7.39,68.9,Yes,1,4.7,Medium,Yes,6.0,Yes,7.9,D,44.5,45.852,At-Risk,"(75, 90]","(2, 4]"
S0084,Male,22,Computer Science,1,79.6,4.7,7.18,70.5,Yes,0,6.8,Medium,Yes,6.3,No,10.2,C,48.8,48.66600000000004,At-Risk,"(75, 90]","(4, 6]"
S0085,Male,23,Mechanical,2,79.0,3.9,6.92,74.8,Yes,0,6.8,Low,Yes,4.6,Yes,3.0,D,36.0,40.25600000000001,At-Risk,"(75, 90]","(2, 4]"
S0086,Male,20,MBA,2,71.9,5.1,5.63,65.8,Yes,1,5.2,Medium,Yes,6.4,No,8.8,F,29.1,34.32599999999995,At-Risk,"(60, 75]","(4, 6]"
S0087,Female,20,MBA,3,80.4,5.4,7.85,75.3,Yes,2,4.9,Low,Yes,4.8,No,4.2,C,51.9,47.833999999999975,At-Risk,"(75, 90]","(4, 6]"
S0088,Female,18,MBA,2,72.8,5.0,6.29,62.6,Yes,1,5.6,Medium,Yes,4.6,No,14.1,D,39.3,38.592000000000056,At-Risk,"(60, 75]","(4, 6]"
S0089,Female,25,Mechanical,4,81.8,7.0,9.13,74.3,Yes,3,5.7,Medium,Yes,6.2,No,18.9,C,57.4,55.604,At-Risk,"(75, 90]","(6, 10]"
S0090,Male,19,Computer Science,3,76.3,4.4,6.58,68.6,No,3,4.7,Medium,Yes,6.7,No,13.5,D,31.2,36.04299999999994,At-Risk,"(75, 90]","(4, 6]"
S0091,Male,23,Mechanical,3,80.7,6.1,7.22,71.6,No,2,5.1,Low,No,6.0,No,14.1,D,44.5,47.10000000000001,At-Risk,"(75, 90]","(6, 10]"
S0092,Female,20,Electronics,3,78.6,7.7,8.61,74.7,Yes,0,6.6,Medium,Yes,8.2,No,8.2,C,49.6,51.75900000000004,At-Risk,"(75, 90]","(6, 10]"
S0093,Female,20,Electronics,3,80.2,3.7,7.3,76.2,No,3,8.9,Low,No,8.9,Yes,13.5,C,48.3,48.61200000000006,At-Risk,"(75, 90]","(2, 4]"
S0094,Female,20,Mechanical,1,89.8,4.3,7.68,72.3,Yes,1,7.7,High,Yes,4.5,No,6.5,C,49.4,51.361,At-Risk,"(75, 90]","(4, 6]"
S0095,Female,19,MBA,2,77.8,3.5,8.1,76.0,Yes,3,6.7,High,Yes,3.6,Yes,11.5,C,45.5,46.959,At-Risk,"(75, 90]","(2, 4]"
S0096,Female,18,Computer Science,4,72.8,4.6,5.8,62.3,Yes,3,7.9,High,Yes,7.5,No,4.0,C,46.7,45.20999999999995,At-Risk,"(60, 75]","(4, 6]"
S0097,Female,19,Mechanical,1,79.6,4.4,7.87,66.7,No,2,7.9,Medium,No,8.0,No,1.7,C,57.2,50.38400000000001,At-Risk,"(75, 90]","(4, 6]"
S0098,Male,18,Mechanical,3,86.8,5.6,8.34,76.6,Yes,1,6.1,Medium,Yes,8.8,Yes,6.3,B,67.1,63.59600000000007,Average,"(75, 90]","(4, 6]"
S0099,Male,21,Mechanical,4,85.5,6.9,8.99,73.8,Yes,2,6.8,Low,Yes,6.1,No,7.2,C,55.4,57.17099999999994,At-Risk,"(75, 90]","(6, 10]"
S0100,Male,19,Electrical,1,79.6,2.4,6.81,66.9,No,0,7.7,Low,No,6.3,Yes,4.0,F,22.5,29.708000000000002,At-Risk,"(75, 90]","(2, 4]"
S0101,Male,18,Electronics,3,83.8,4.7,8.06,67.0,Yes,3,7.8,Medium,Yes,5.3,No,14.0,B,65.0,59.520000000000024,At-Risk,"(75, 90]","(4, 6]"
S0102,Female,24,BBA,2,81.3,4.1,6.96,75.4,Yes,1,7.8,Medium,Yes,4.4,No,1.8,C,52.2,47.63,At-Risk,"(75, 90]","(4, 6]"
S0103,Male,22,MBA,2,72.1,5.8,6.97,69.9,Yes,1,5.3,High,Yes,5.6,No,3.5,C,49.0,46.177,At-Risk,"(60, 75]","(4, 6]"
S0104,Female,23,Civil,1,78.9,5.1,6.96,57.7,No,1,7.9,Low,No,10.0,No,14.8,C,48.7,47.50499999999997,At-Risk,"(75, 90]","(4, 6]"
S0105,Female,25,BBA,1,80.0,4.1,6.96,72.0,Yes,5,8.7,High,Yes,6.9,No,6.7,B,70.3,61.146000000000065,Average,"(75, 90]","(4, 6]"
S0106,Male,18,MBA,3,91.0,7.9,9.03,83.1,Yes,2,8.3,Medium,Yes,5.9,No,13.2,C,59.0,61.188,Average,"(90, 100]","(6, 10]"
S0107,Male,19,Civil,3,78.7,3.0,7.5,68.2,No,0,5.2,Medium,Yes,5.8,Yes,9.4,C,56.8,51.44700000000005,At-Risk,"(75, 90]","(2, 4]"
S0108,Female,21,Electrical,3,63.4,4.4,7.34,65.7,Yes,2,4.9,Low,Yes,1.4,Yes,29.4,F,28.8,35.95200000000001,At-Risk,"(60, 75]","(4, 6]"
S0109,Male,21,Mechanical,2,76.5,4.5,5.85,70.4,Yes,1,7.1,Low,Yes,7.4,No,10.1,C,45.5,46.022,At-Risk,"(75, 90]","(4, 6]"
S0110,Male,18,Electrical,1,96.6,4.8,8.22,71.5,Yes,1,8.3,Medium,Yes,8.8,No,1.1,B,73.0,67.65599999999999,Average,"(90, 100]","(4, 6]"
S0111,Male,22,Electrical,3,77.3,4.4,8.79,70.4,Yes,4,6.8,Medium,Yes,6.0,No,5.4,C,47.5,49.797,At-Risk,"(75, 90]","(4, 6]"
S0112,Male,19,BBA,1,78.2,4.1,7.2,67.1,No,4,6.2,Low,Yes,8.3,No,2.5,D,30.8,35.70000000000005,At-Risk,"(75, 90]","(4, 6]"
S0113,Female,19,Computer Science,4,84.8,6.0,9.96,92.6,Yes,1,6.4,Medium,Yes,7.0,No,26.9,B,61.5,60.65299999999999,Average,"(75, 90]","(4, 6]"
S0114,Female,20,BBA,4,77.5,5.1,7.07,59.7,No,3,7.7,High,No,9.8,No,2.1,D,41.5,44.05200000000001,At-Risk,"(75, 90]","(4, 6]"
S0115,Female,20,Electronics,3,72.0,2.6,5.36,72.1,Yes,4,6.1,High,Yes,3.3,No,5.9,D,41.8,40.40200000000005,At-Risk,"(60, 75]","(2, 4]"
S0116,Female,20,Civil,4,75.3,5.2,7.25,63.4,Yes,3,7.1,High,No,7.0,No,3.6,D,44.8,44.95000000000005,At-Risk,"(75, 90]","(4, 6]"
S0117,Female,18,Mechanical,1,79.5,4.9,5.44,55.1,Yes,1,6.3,Medium,Yes,7.5,No,19.8,B,65.5,58.31400000000001,At-Risk,"(75, 90]","(4, 6]"
S0118,Male,22,BBA,3,76.6,6.6,8.1,69.8,No,1,5.4,Low,Yes,3.1,No,4.7,C,52.2,50.72299999999995,At-Risk,"(75, 90]","(6, 10]"
S0119,Female,19,Civil,2,76.7,4.5,7.18,71.4,Yes,2,5.3,Medium,Yes,7.5,No,29.4,C,55.6,52.84900000000003,At-Risk,"(75, 90]","(4, 6]"
S0120,Female,18,MBA,4,87.3,4.4,8.45,76.9,No,0,7.1,Medium,No,6.2,Yes,1.4,D,40.9,45.37900000000001,At-Risk,"(75, 90]","(4, 6]"
S0121,Female,22,Civil,1,80.7,4.9,6.02,59.2,Yes,1,3.3000000000000007,Low,Yes,6.7,Yes,2.4,D,36.3,46.231000000000016,At-Risk,"(75, 90]","(4, 6]"
S0122,Female,24,MBA,3,80.1,6.6,7.1,69.6,Yes,1,7.1,Low,Yes,7.7,No,3.5,D,42.1,47.46099999999999,At-Risk,"(75, 90]","(6, 10]"
S0123,Male,22,BBA,4,74.8,4.8,7.34,75.7,No,4,6.3,Medium,No,8.3,No,17.7,F,27.0,33.69900000000001,At-Risk,"(60, 75]","(4, 6]"
S0124,Male,22,Electronics,1,76.3,5.3,8.04,67.3,No,1,7.6,Low,Yes,4.2,Yes,22.1,C,51.2,51.33699999999995,At-Risk,"(75, 90]","(4, 6]"
S0125,Male,21,BBA,2,79.6,4.0,5.45,62.9,No,1,7.2,Low,No,7.9,No,1.7,D,38.2,42.07099999999997,At-Risk,"(75, 90]","(2, 4]"
S0126,Male,20,MBA,3,60.1,4.4,6.36,68.3,Yes,1,6.6,Low,Yes,3.1,No,1.3,F,20.8,22.178999999999988,At-Risk,"(60, 75]","(4, 6]"
S0127,Female,18,Civil,2,63.8,6.8,6.3,55.4,No,1,5.2,Low,No,6.6,No,14.6,D,37.2,36.31799999999996,At-Risk,"(60, 75]","(6, 10]"
S0128,Female,20,Civil,1,73.9,4.9,5.19,71.2,Yes,3,5.3,Medium,Yes,6.4,No,2.4,C,51.3,48.03100000000008,At-Risk,"(60, 75]","(4, 6]"
S0129,Male,19,MBA,1,83.9,7.4,8.09,69.2,No,1,5.7,Medium,No,5.3,No,2.4,B,62.1,59.89600000000006,At-Risk,"(75, 90]","(6, 10]"
S0130,Female,19,Electrical,1,85.7,4.5,7.17,67.1,No,4,7.5,Medium,No,5.9,No,1.2,C,52.1,50.70500000000002,At-Risk,"(75, 90]","(4, 6]"
S0131,Male,21,Electronics,4,78.3,6.2,7.35,70.2,No,0,8.6,Low,Yes,5.9,Yes,1.5,D,44.8,47.91300000000007,At-Risk,"(75, 90]","(6, 10]"
S0132,Male,20,Computer Science,2,70.8,4.6,6.87,71.9,Yes,4,6.9,Low,Yes,6.0,No,4.1,B,60.4,53.09799999999998,At-Risk,"(60, 75]","(4, 6]"
S0133,Male,18,Mechanical,1,72.5,4.3,5.93,50.4,No,0,5.8,Medium,Yes,6.3,No,1.7,C,46.4,41.90800000000002,At-Risk,"(60, 75]","(4, 6]"
S0134,Male,19,Civil,2,75.4,4.3,5.95,68.7,Yes,0,5.9,Medium,Yes,9.3,No,5.6,D,34.8,38.698000000000036,At-Risk,"(75, 90]","(4, 6]"
S0135,Female,21,Mechanical,2,82.1,6.7,8.97,83.5,Yes,0,6.0,Medium,No,7.4,No,18.9,B,60.4,59.22799999999996,At-Risk,"(75, 90]","(6, 10]"
S0136,Male,18,Computer Science,1,77.0,5.7,7.23,64.2,Yes,1,7.7,Medium,Yes,6.2,No,5.0,C,49.3,48.96600000000008,At-Risk,"(75, 90]","(4, 6]"
S0137,Female,22,BBA,2,80.5,5.1,6.38,47.3,No,2,5.9,High,Yes,6.8,No,14.0,C,48.3,44.672,At-Risk,"(75, 90]","(4, 6]"
S0138,Female,20,Mechanical,2,82.0,4.4,7.24,74.2,Yes,0,6.4,Low,Yes,6.6,Yes,2.0,C,48.8,47.92000000000001,At-Risk,"(75, 90]","(4, 6]"
S0139,Male,20,Computer Science,2,79.4,3.6,6.23,69.0,Yes,0,8.1,Medium,Yes,6.1,No,11.8,D,41.8,43.10300000000004,At-Risk,"(75, 90]","(2, 4]"
S0140,Other,20,MBA,3,76.9,3.6,5.72,54.6,No,2,5.8,Medium,Yes,7.1,No,4.8,C,51.2,42.593,At-Risk,"(75, 90]","(2, 4]"
S0141,Other,22,Electrical,1,65.8,4.0,5.97,56.1,No,3,7.2,Medium,Yes,4.6,No,14.9,F,28.9,32.513000000000034,At-Risk,"(60, 75]","(2, 4]"
S0142,Male,19,Civil,3,80.2,3.5,6.64,67.4,No,3,7.6,Low,Yes,5.3,Yes,2.5,D,38.8,40.46400000000006,At-Risk,"(75, 90]","(2, 4]"
S0143,Female,21,Computer Science,2,67.7,5.2,5.48,53.4,Yes,5,6.6,Medium,Yes,3.2,No,23.8,C,47.5,43.95700000000002,At-Risk,"(60, 75]","(4, 6]"
S0144,Male,20,Mechanical,2,78.3,5.0,6.96,68.9,Yes,0,8.8,Medium,Yes,6.9,No,3.8,B,68.4,62.72499999999995,Average,"(75, 90]","(4, 6]"
S0145,Male,19,Civil,3,73.1,0.399999999999999,6.21,65.2,Yes,1,8.5,Low,Yes,6.0,Yes,5.4,D,32.3,32.85600000000004,At-Risk,"(60, 75]","(0, 2]"
S0146,Male,22,Electrical,2,67.0,5.4,5.71,57.7,No,1,6.8,Low,No,5.1,No,29.4,F,27.4,32.38200000000003,At-Risk,"(60, 75]","(4, 6]"
S0147,Female,21,MBA,4,69.4,2.5,6.93,72.4,Yes,0,5.5,Low,Yes,6.5,Yes,9.6,C,46.6,43.65899999999997,At-Risk,"(60, 75]","(2, 4]"
S0148,Female,21,BBA,3,89.8,3.3,6.53,69.8,Yes,1,5.6,High,Yes,6.0,No,5.6,C,50.3,47.01200000000005,At-Risk,"(75, 90]","(2, 4]"
S0149,Male,22,Civil,2,80.8,6.0,7.79,64.9,No,0,6.8,Low,No,6.4,Yes,29.4,C,57.7,54.76399999999995,At-Risk,"(75, 90]","(4, 6]"
S0150,Male,22,BBA,3,88.6,5.5,8.45,72.2,Yes,1,5.2,High,Yes,8.7,No,5.0,C,58.1,58.220000000000056,At-Risk,"(75, 90]","(4, 6]"
S0151,Female,21,Computer Science,3,77.2,5.0,6.43,66.5,Yes,0,6.8,Medium,Yes,9.6,No,2.0,C,56.6,54.06700000000003,At-Risk,"(75, 90]","(4, 6]"
S0152,Male,22,Electrical,1,78.5,5.6,8.82,75.0,Yes,3,8.5,High,Yes,7.0,No,29.4,C,58.3,57.45400000000005,At-Risk,"(75, 90]","(4, 6]"
S0153,Male,21,Mechanical,1,86.3,8.400000000000002,9.94,95.8,Yes,2,6.6,High,Yes,6.8,No,4.1,B,66.4,64.55099999999995,Average,"(75, 90]","(6, 10]"
S0154,Female,21,Electrical,1,74.5,5.3,6.79,74.9,Yes,0,6.5,Medium,Yes,5.5,No,20.1,C,54.0,51.45699999999998,At-Risk,"(60, 75]","(4, 6]"
S0155,Other,20,Electrical,4,73.9,0.4,4.67,51.1,No,0,7.5,Low,No,8.3,Yes,2.8,D,39.9,36.70300000000003,At-Risk,"(60, 75]","(0, 2]"
S0156,Male,21,Electronics,3,69.1,0.399999999999999,5.01,65.1,Yes,4,7.1,Low,Yes,8.0,Yes,14.1,F,24.9,27.835000000000047,At-Risk,"(60, 75]","(0, 2]"
S0157,Female,18,Electrical,4,72.3,4.6,6.04,54.9,No,2,5.1,Low,Yes,4.6,No,8.4,D,36.7,39.03799999999997,At-Risk,"(60, 75]","(4, 6]"
S0158,Female,22,Electrical,3,65.3,4.7,5.99,56.1,Yes,2,6.0,Medium,Yes,4.9,No,29.4,F,25.9,31.49800000000003,At-Risk,"(60, 75]","(4, 6]"
S0159,Male,22,Civil,2,79.9,5.7,6.93,60.9,No,2,8.8,Low,Yes,9.8,No,9.0,C,49.0,50.022000000000006,At-Risk,"(75, 90]","(4, 6]"
S0160,Female,17,Mechanical,1,73.5,3.0,7.81,69.8,Yes,0,6.9,Low,Yes,4.0,Yes,1.3,C,45.6,43.363999999999976,At-Risk,"(60, 75]","(2, 4]"
S0161,Male,22,Civil,3,64.3,3.0,6.96,56.3,Yes,3,5.3,Medium,Yes,5.6,No,10.3,D,33.7,32.89899999999997,At-Risk,"(60, 75]","(2, 4]"
S0162,Female,18,Civil,3,74.7,2.8,7.64,53.1,Yes,0,6.3,High,Yes,7.0,No,2.6,D,33.9,36.57500000000005,At-Risk,"(60, 75]","(2, 4]"
S0163,Female,19,Computer Science,4,67.8,2.2,6.47,67.2,Yes,2,4.4,Low,Yes,4.7,Yes,17.0,F,16.5,24.042999999999996,At-Risk,"(60, 75]","(2, 4]"
S0164,Female,21,Civil,1,94.5,5.3,8.97,78.4,No,3,4.3,Low,No,8.6,No,20.4,C,56.5,58.51700000000001,At-Risk,"(90, 100]","(4, 6]"
S0165,Male,18,Electronics,2,71.7,2.8,5.74,56.8,No,0,7.7,Low,No,9.2,No,7.6,D,41.4,38.901000000000025,At-Risk,"(60, 75]","(2, 4]"
S0166,Female,22,Electronics,3,58.9,4.4,6.26,59.8,No,3,6.5,High,Yes,4.2,No,16.3,D,33.5,32.177,At-Risk,"(0, 60]","(4, 6]"
S0167,Male,22,BBA,3,78.3,3.6,6.95,61.0,No,0,7.1,Medium,Yes,5.4,Yes,2.6,C,52.1,49.957000000000015,At-Risk,"(75, 90]","(2, 4]"
S0168,Male,20,Computer Science,2,79.8,3.5,5.9,70.4,Yes,3,7.9,Low,Yes,8.4,No,7.8,C,46.2,44.65399999999996,At-Risk,"(75, 90]","(2, 4]"
S0169,Male,17,BBA,3,86.0,4.7,8.05,85.3,Yes,4,6.9,Low,Yes,4.9,Yes,6.0,D,40.3,52.856000000000016,At-Risk,"(75, 90]","(4, 6]"
S0170,Female,19,BBA,1,76.3,5.4,5.45,50.4,No,0,7.4,Low,No,6.0,No,10.4,D,31.6,33.584999999999944,At-Risk,"(75, 90]","(4, 6]"
S0171,Female,20,MBA,3,63.4,2.1,5.29,56.0,No,0,6.8,Low,No,3.3,Yes,1.5,C,49.3,41.27000000000005,At-Risk,"(60, 75]","(2, 4]"
S0172,Male,25,Mechanical,3,80.4,4.8,8.95,66.8,Yes,3,8.0,High,Yes,7.7,No,14.9,B,63.0,59.549000000000014,At-Risk,"(75, 90]","(4, 6]"
S0173,Female,20,Mechanical,4,76.3,4.5,5.79,62.8,Yes,2,8.6,Medium,Yes,8.9,No,1.8,C,47.4,46.97000000000002,At-Risk,"(75, 90]","(4, 6]"
S0174,Male,19,Civil,4,88.6,5.2,8.05,70.9,Yes,2,6.7,Medium,Yes,6.6,Yes,11.7,C,49.5,51.673,At-Risk,"(75, 90]","(4, 6]"
S0175,Female,20,Civil,2,74.8,3.8,6.15,58.5,Yes,2,6.7,High,Yes,9.3,No,1.2,D,44.4,41.412,At-Risk,"(60, 75]","(2, 4]"
S0176,Male,20,MBA,1,69.8,2.0,6.8,54.8,Yes,2,6.9,Low,Yes,3.8,Yes,18.8,D,43.2,40.42399999999996,At-Risk,"(60, 75]","(0, 2]"
S0177,Female,21,Civil,4,70.2,2.4,5.68,51.6,Yes,2,6.4,Medium,Yes,4.6,No,2.9,D,39.6,37.38199999999997,At-Risk,"(60, 75]","(2, 4]"
S0178,Male,18,Mechanical,2,66.7,4.4,5.59,57.6,Yes,1,6.0,High,Yes,5.8,No,8.2,D,32.0,33.485,At-Risk,"(60, 75]","(4, 6]"
S0179,Female,21,BBA,4,79.6,4.9,8.58,76.0,Yes,2,7.8,Medium,Yes,4.3,No,4.0,B,64.4,59.07099999999994,At-Risk,"(75, 90]","(4, 6]"
S0180,Male,20,Electrical,1,75.6,3.5,6.17,64.3,Yes,1,6.0,Medium,No,5.8,No,13.8,F,28.9,34.53400000000002,At-Risk,"(75, 90]","(2, 4]"
S0181,Male,24,Electronics,3,70.7,5.4,8.16,64.3,No,1,6.0,Low,Yes,5.4,No,4.9,D,34.4,38.30500000000004,At-Risk,"(60, 75]","(4, 6]"
S0182,Male,19,Electrical,3,86.9,6.1,8.08,64.7,No,0,7.6,Low,No,8.7,No,13.9,C,48.6,53.20800000000004,At-Risk,"(75, 90]","(6, 10]"
S0183,Female,20,Electrical,4,86.2,5.3,7.71,63.3,Yes,2,7.7,Low,Yes,9.0,No,4.4,B,61.7,60.41699999999994,Average,"(75, 90]","(4, 6]"
S0184,Female,23,Mechanical,2,76.3,3.1,5.07,57.2,Yes,0,9.3,Medium,No,7.9,No,15.0,D,33.7,36.24199999999996,At-Risk,"(75, 90]","(2, 4]"
S0185,Male,18,Electrical,3,70.8,3.9,6.13,66.9,Yes,0,8.0,Medium,Yes,6.5,Yes,1.3,F,24.8,40.03699999999999,At-Risk,"(60, 75]","(2, 4]"
S0186,Female,23,MBA,2,75.5,4.5,8.64,73.2,Yes,3,7.5,High,Yes,7.2,Yes,4.3,C,46.7,48.326999999999956,At-Risk,"(75, 90]","(4, 6]"
S0187,Female,21,Computer Science,1,74.8,5.6,8.32,78.4,Yes,4,7.7,Medium,Yes,5.9,No,7.9,C,45.7,46.65299999999995,At-Risk,"(60, 75]","(4, 6]"
S0188,Female,18,Civil,3,84.1,7.4,7.72,76.3,Yes,0,6.3,High,Yes,5.7,No,1.5,C,55.8,56.52000000000007,At-Risk,"(75, 90]","(6, 10]"
S0189,Female,19,Computer Science,3,78.7,5.8,7.26,75.5,Yes,3,7.2,High,Yes,7.3,No,3.1,C,55.8,52.717000000000056,At-Risk,"(75, 90]","(4, 6]"
S0190,Male,21,BBA,4,76.5,2.6,6.66,58.8,No,1,7.2,Low,No,6.4,Yes,28.3,C,48.6,45.52399999999999,At-Risk,"(75, 90]","(2, 4]"
S0191,Male,18,Electronics,2,68.2,3.7,7.99,79.9,Yes,1,5.8,Medium,Yes,5.5,No,29.4,D,39.5,40.54399999999999,At-Risk,"(60, 75]","(2, 4]"
S0192,Female,20,Civil,1,69.3,4.4,5.66,46.3,Yes,0,6.4,Low,Yes,6.0,No,14.5,F,27.8,33.30400000000002,At-Risk,"(60, 75]","(4, 6]"
S0193,Female,19,Electrical,1,75.1,4.4,6.27,73.3,Yes,1,7.6,Medium,No,4.7,Yes,3.9,C,48.1,46.43899999999998,At-Risk,"(75, 90]","(4, 6]"
S0194,Female,20,Electronics,2,75.1,5.9,6.9,70.6,Yes,0,6.5,High,Yes,5.4,No,4.0,C,46.6,47.486999999999995,At-Risk,"(75, 90]","(4, 6]"
S0195,Male,17,Civil,2,86.3,4.7,7.16,79.4,Yes,0,7.2,Low,No,8.4,No,11.4,C,51.3,52.086000000000055,At-Risk,"(75, 90]","(4, 6]"
S0196,Male,22,MBA,3,76.3,1.9,4.95,57.9,Yes,0,7.6,Medium,Yes,3.4,Yes,2.3,F,19.6,26.704999999999973,At-Risk,"(75, 90]","(0, 2]"
S0197,Female,24,MBA,2,62.8,3.8,5.5,64.2,No,0,7.5,Medium,No,6.4,No,29.4,F,24.8,27.063000000000017,At-Risk,"(60, 75]","(2, 4]"
S0198,Female,24,MBA,4,86.4,3.9,6.86,62.6,No,2,8.6,Medium,Yes,10.0,No,3.5,C,56.5,54.970000000000006,At-Risk,"(75, 90]","(2, 4]"
S0199,Female,21,MBA,4,68.2,4.3,7.34,63.2,Yes,2,5.8,Medium,Yes,5.5,No,29.4,D,34.7,40.13,At-Risk,"(60, 75]","(4, 6]"
S0200,Female,18,Electrical,3,87.2,5.8,8.77,90.3,Yes,1,8.5,Medium,Yes,7.6,No,7.8,B,68.3,59.96199999999998,At-Risk,"(75, 90]","(4, 6]"
S0201,Female,21,Computer Science,4,72.9,4.5,6.52,47.6,No,3,7.1,Low,No,10.0,No,15.8,C,46.1,43.45799999999996,At-Risk,"(60, 75]","(4, 6]"
S0202,Male,17,Civil,3,76.8,1.8,5.37,50.3,No,2,7.5,Low,Yes,7.1,Yes,1.0,F,28.7,29.963999999999984,At-Risk,"(75, 90]","(0, 2]"
S0203,Male,17,Electrical,2,80.6,7.9,6.96,83.8,No,2,7.3,Low,No,7.9,No,23.0,B,64.3,60.770000000000074,Average,"(75, 90]","(6, 10]"
S0204,Female,19,MBA,1,81.4,6.0,8.56,72.9,No,0,7.3,Medium,Yes,5.7,No,4.1,C,45.7,48.63399999999996,At-Risk,"(75, 90]","(4, 6]"
S0205,Female,20,BBA,2,71.4,2.7,5.45,53.6,No,1,5.7,Low,Yes,6.4,No,12.0,F,22.0,28.13699999999999,At-Risk,"(60, 75]","(2, 4]"
S0206,Male,21,Computer Science,2,83.7,6.6,8.04,63.9,No,0,7.5,High,No,6.0,No,17.4,C,55.1,55.132,At-Risk,"(75, 90]","(6, 10]"
S0207,Male,21,BBA,4,77.0,7.2,7.92,82.5,Yes,1,4.8,Medium,Yes,7.5,No,2.8,C,48.8,50.25700000000007,At-Risk,"(75, 90]","(6, 10]"
S0208,Female,20,Electronics,2,88.4,8.2,6.19,69.7,Yes,3,9.0,Medium,No,9.6,No,6.8,C,58.4,59.25799999999994,At-Risk,"(75, 90]","(6, 10]"
S0209,Male,19,BBA,4,78.2,5.1,5.62,54.0,No,2,7.0,Medium,No,7.4,No,7.8,D,31.8,45.599999999999994,At-Risk,"(75, 90]","(4, 6]"
S0210,Male,25,Electronics,3,76.3,3.4,6.74,49.3,No,2,7.9,Medium,No,8.0,No,4.7,C,46.7,46.91400000000001,At-Risk,"(75, 90]","(2, 4]"
S0211,Female,20,Electronics,1,76.3,2.9,6.73,64.6,Yes,1,7.3,High,Yes,3.1,Yes,7.6,D,42.0,39.2,At-Risk,"(75, 90]","(2, 4]"
S0212,Female,20,MBA,4,75.2,8.0,7.76,67.5,No,0,6.5,Low,No,1.8,No,4.8,C,53.6,51.88099999999999,At-Risk,"(75, 90]","(6, 10]"
S0213,Female,18,Electronics,2,76.9,2.1,6.96,70.3,Yes,0,5.9,Low,Yes,6.0,Yes,5.5,D,30.2,34.23099999999996,At-Risk,"(75, 90]","(2, 4]"
S0214,Male,21,Mechanical,2,70.8,3.4,6.9,62.2,No,2,5.6,Medium,Yes,1.3,No,12.1,F,24.4,42.007999999999974,At-Risk,"(60, 75]","(2, 4]"
S0215,Female,21,Civil,3,73.1,2.3,6.39,54.8,No,5,7.4,Low,No,7.1,Yes,11.0,D,38.4,36.42700000000004,At-Risk,"(60, 75]","(2, 4]"
S0216,Male,19,Civil,1,67.4,2.3,4.79,51.5,No,1,7.4,Low,No,7.0,No,3.6,F,28.0,31.447000000000017,At-Risk,"(60, 75]","(2, 4]"
S0217,Male,18,MBA,3,93.6,5.3,9.94,97.6,Yes,2,7.2,Medium,Yes,8.7,Yes,23.8,B,62.9,62.33099999999994,Average,"(90, 100]","(4, 6]"
S0218,Female,21,Mechanical,2,68.8,4.6,7.36,62.8,Yes,2,6.4,Low,No,5.7,No,20.9,D,37.6,38.918999999999954,At-Risk,"(60, 75]","(4, 6]"
S0219,Female,21,BBA,2,93.2,7.1,8.91,80.6,Yes,1,7.0,Medium,Yes,6.0,No,8.1,B,64.6,60.61599999999998,Average,"(90, 100]","(6, 10]"
S0220,Female,19,Electrical,4,72.9,0.9,6.06,54.5,No,1,6.0,Low,Yes,4.6,Yes,6.7,D,37.7,36.64299999999997,At-Risk,"(60, 75]","(0, 2]"
S0221,Female,24,BBA,2,83.7,6.5,8.52,75.7,Yes,1,5.7,High,Yes,7.9,No,5.7,C,59.3,58.08900000000006,At-Risk,"(75, 90]","(6, 10]"
S0222,Female,18,Electrical,1,76.8,3.7,5.83,65.3,No,1,6.2,Medium,Yes,3.1,No,13.3,C,45.5,40.207999999999984,At-Risk,"(75, 90]","(2, 4]"
S0223,Male,20,Electronics,2,70.6,6.0,8.36,78.4,Yes,2,6.2,Medium,Yes,1.7,No,12.1,D,40.0,41.577,At-Risk,"(60, 75]","(4, 6]"
S0224,Male,23,Computer Science,4,82.1,6.6,7.71,76.9,No,1,8.3,Medium,Yes,7.2,No,3.2,B,67.5,63.237000000000016,Average,"(75, 90]","(6, 10]"
S0225,Male,20,Electrical,1,76.4,7.3,9.06,89.2,No,1,4.9,High,Yes,3.3,No,12.1,B,60.3,57.18700000000006,At-Risk,"(75, 90]","(6, 10]"
S0226,Male,20,Computer Science,1,79.0,5.7,7.07,63.9,No,0,6.5,Low,No,5.7,No,3.9,C,52.9,51.36299999999999,At-Risk,"(75, 90]","(4, 6]"
S0227,Other,19,Civil,1,71.7,3.3,5.62,60.0,Yes,2,7.3,High,Yes,6.6,No,1.2,F,27.9,31.154000000000018,At-Risk,"(60, 75]","(2, 4]"
S0228,Male,19,Computer Science,1,71.2,3.3,7.29,76.5,Yes,2,8.9,Medium,Yes,7.6,Yes,13.0,D,38.6,37.96499999999996,At-Risk,"(60, 75]","(2, 4]"
S0229,Female,25,Civil,3,77.8,7.0,7.11,70.6,Yes,0,5.8,Medium,Yes,3.9,No,11.4,B,66.4,60.712999999999944,Average,"(75, 90]","(6, 10]"
S0230,Female,20,Mechanical,3,73.8,4.8,7.17,69.0,Yes,1,5.2,Medium,Yes,6.6,No,6.3,D,33.6,37.25999999999996,At-Risk,"(60, 75]","(4, 6]"
S0231,Female,22,Mechanical,2,84.4,5.4,7.81,65.9,No,4,7.4,Low,No,8.9,No,8.5,B,64.0,62.35999999999999,Average,"(75, 90]","(4, 6]"
S0232,Female,19,MBA,3,65.1,0.5,5.76,63.4,Yes,1,6.7,Medium,Yes,4.6,Yes,29.4,D,39.8,36.33100000000005,At-Risk,"(60, 75]","(0, 2]"
S0233,Female,19,MBA,2,74.0,4.9,5.42,72.0,Yes,1,6.2,Medium,Yes,6.7,No,10.0,C,51.6,49.43600000000001,At-Risk,"(60, 75]","(4, 6]"
S0234,Female,17,Electronics,4,81.6,1.9,6.37,63.6,No,1,7.0,Low,No,4.7,Yes,11.7,F,27.4,30.273000000000035,At-Risk,"(75, 90]","(0, 2]"
S0235,Male,21,Electrical,4,83.9,4.3,8.3,82.0,Yes,3,7.5,Medium,Yes,6.6,No,1.7,C,47.5,49.812000000000005,At-Risk,"(75, 90]","(4, 6]"
S0236,Female,19,Electronics,2,76.3,3.5,7.68,71.5,No,2,7.4,Low,No,4.1,Yes,2.8,C,53.3,46.60200000000002,At-Risk,"(75, 90]","(2, 4]"
S0237,Male,22,Civil,4,76.3,7.6,6.96,90.0,Yes,2,6.9,Low,No,10.0,No,4.6,C,54.3,53.38900000000007,At-Risk,"(75, 90]","(6, 10]"
S0238,Male,20,Electronics,3,97.6,7.0,9.55,83.7,Yes,1,8.1,Low,No,9.5,No,8.8,A,75.3,63.79300000000001,Average,"(90, 100]","(6, 10]"
S0239,Female,24,Computer Science,2,79.2,2.3,7.63,72.6,Yes,0,6.7,Low,Yes,8.0,Yes,16.0,C,50.1,47.97199999999999,At-Risk,"(75, 90]","(2, 4]"
S0240,Male,18,Civil,1,69.6,2.0,6.74,54.3,No,0,6.6,Medium,No,8.0,No,4.9,F,24.7,29.34599999999999,At-Risk,"(60, 75]","(0, 2]"
S0241,Female,22,MBA,2,76.7,5.6,6.74,58.0,Yes,1,7.4,Low,Yes,6.1,No,5.4,D,35.7,41.206999999999944,At-Risk,"(75, 90]","(4, 6]"
S0242,Female,21,Mechanical,3,69.9,3.3,6.79,58.7,No,1,5.0,High,Yes,2.2,Yes,4.0,C,48.2,44.328999999999944,At-Risk,"(60, 75]","(2, 4]"
S0243,Female,21,MBA,4,79.6,4.4,6.2,73.9,Yes,1,7.2,Medium,Yes,6.5,No,3.9,C,55.1,50.275999999999996,At-Risk,"(75, 90]","(4, 6]"
S0244,Male,22,Electrical,3,66.2,6.1,7.32,76.8,Yes,3,6.1,Low,Yes,5.9,Yes,29.4,C,46.6,45.78799999999999,At-Risk,"(60, 75]","(6, 10]"
S0245,Male,21,Civil,4,73.7,3.9,7.43,76.9,Yes,2,4.9,Medium,Yes,4.5,Yes,11.1,D,44.0,41.79499999999997,At-Risk,"(60, 75]","(2, 4]"
S0246,Female,20,Civil,3,73.3,3.9,9.31,73.7,No,4,7.0,High,Yes,2.5,Yes,2.7,D,42.9,42.08100000000003,At-Risk,"(60, 75]","(2, 4]"
S0247,Male,18,Computer Science,4,72.7,6.6,6.96,71.3,Yes,1,6.0,Medium,Yes,7.1,No,13.8,D,35.8,40.269000000000034,At-Risk,"(60, 75]","(6, 10]"
S0248,Other,17,Electrical,3,64.5,4.4,5.87,61.5,No,1,4.6,Low,No,2.1,Yes,13.8,D,36.2,31.53100000000001,At-Risk,"(60, 75]","(4, 6]"
S0249,Other,23,Mechanical,2,69.0,4.2,5.74,81.2,Yes,5,5.5,High,Yes,5.0,No,12.0,D,43.4,42.15900000000002,At-Risk,"(60, 75]","(4, 6]"
S0250,Female,20,BBA,2,83.8,4.8,7.53,79.4,Yes,0,8.5,Medium,Yes,10.0,No,2.4,B,63.0,55.513000000000005,At-Risk,"(75, 90]","(4, 6]"
S0251,Male,21,Civil,3,73.6,4.3,7.55,67.8,Yes,5,5.8,Low,No,5.9,No,6.2,D,40.9,41.23500000000002,At-Risk,"(60, 75]","(4, 6]"
S0252,Male,20,Civil,1,93.7,5.8,8.95,74.0,No,3,6.9,Low,No,7.7,No,2.1,C,55.0,56.79699999999998,At-Risk,"(90, 100]","(4, 6]"
S0253,Female,18,Computer Science,3,76.1,6.4,6.78,63.1,No,0,5.2,Medium,No,6.4,No,18.0,C,47.1,46.88899999999999,At-Risk,"(75, 90]","(6, 10]"
S0254,Male,18,Electronics,1,67.0,3.7,6.8,65.3,No,0,9.0,Low,Yes,5.5,No,11.6,C,46.2,43.16799999999996,At-Risk,"(60, 75]","(2, 4]"
S0255,Male,21,Mechanical,2,73.8,4.4,4.34,50.7,No,2,6.6,High,Yes,7.1,No,8.1,C,52.1,45.25799999999998,At-Risk,"(60, 75]","(4, 6]"
S0256,Female,20,MBA,3,71.0,0.399999999999999,5.98,67.9,Yes,0,5.7,Medium,Yes,5.7,No,5.2,D,32.4,33.59700000000005,At-Risk,"(60, 75]","(0, 2]"
S0257,Female,19,Electrical,1,83.0,6.8,7.91,77.0,No,1,7.6,High,Yes,4.6,No,3.0,C,53.9,54.263999999999996,At-Risk,"(75, 90]","(6, 10]"
S0258,Female,20,Civil,1,76.1,4.4,7.12,58.8,Yes,1,9.0,Medium,Yes,4.3,No,2.1,C,47.9,47.605999999999995,At-Risk,"(75, 90]","(4, 6]"
S0259,Female,18,Civil,2,71.7,2.9,7.34,71.2,Yes,1,6.0,Low,Yes,5.7,Yes,29.4,D,37.2,36.751999999999946,At-Risk,"(60, 75]","(2, 4]"
S0260,Male,20,MBA,4,81.4,3.8,7.93,72.3,No,1,5.7,Low,No,8.9,Yes,3.2,B,71.4,46.736000000000004,At-Risk,"(75, 90]","(2, 4]"
S0261,Female,19,Mechanical,1,74.3,5.4,8.01,68.8,Yes,1,9.3,Medium,Yes,5.4,No,1.6,D,32.9,50.75199999999999,At-Risk,"(60, 75]","(4, 6]"
S0262,Other,21,Electronics,4,66.4,1.7,6.88,58.1,No,0,6.4,Medium,No,3.3,Yes,29.4,C,51.6,34.59400000000001,At-Risk,"(60, 75]","(0, 2]"
S0263,Male,19,Civil,1,73.5,6.8,6.96,68.7,Yes,1,6.2,Medium,Yes,6.5,No,9.0,C,51.1,48.06900000000002,At-Risk,"(60, 75]","(6, 10]"
S0264,Female,20,Mechanical,4,77.6,4.9,7.33,80.6,Yes,0,3.9,Low,Yes,3.4,No,16.9,C,51.0,49.99999999999999,At-Risk,"(75, 90]","(4, 6]"
S0265,Female,17,MBA,4,91.3,4.4,9.47,81.1,No,2,6.5,Low,Yes,9.2,Yes,1.4,C,47.9,50.257999999999996,At-Risk,"(90, 100]","(4, 6]"
S0266,Female,18,Computer Science,2,81.7,6.3,8.71,66.8,Yes,1,4.9,Low,Yes,4.2,No,9.4,C,48.5,50.23600000000001,At-Risk,"(75, 90]","(6, 10]"
S0267,Female,19,Electronics,2,73.4,3.7,6.66,69.9,No,1,5.8,Medium,Yes,4.9,No,6.1,D,42.6,43.34199999999996,At-Risk,"(60, 75]","(2, 4]"
S0268,Female,20,Electrical,2,70.0,4.3,6.09,59.2,No,1,4.1,Low,Yes,4.4,No,15.8,C,48.5,43.60100000000001,At-Risk,"(60, 75]","(4, 6]"
S0269,Male,20,Civil,3,69.2,3.1,6.56,51.6,No,2,8.0,Medium,No,9.0,No,1.4,D,44.9,40.86400000000004,At-Risk,"(60, 75]","(2, 4]"
S0270,Male,19,Mechanical,1,83.3,4.0,7.16,79.0,Yes,1,4.7,Medium,Yes,9.7,No,6.1,B,67.0,59.96,At-Risk,"(75, 90]","(2, 4]"
S0271,Female,21,Computer Science,1,80.5,5.2,6.3,56.4,Yes,2,4.2,High,No,4.5,No,17.0,C,46.1,46.23499999999999,At-Risk,"(75, 90]","(4, 6]"
S0272,Female,22,Electrical,1,94.1,4.2,9.84,84.0,No,1,5.4,Low,No,6.6,Yes,8.4,B,61.5,58.778999999999996,At-Risk,"(90, 100]","(4, 6]"
S0273,Female,21,BBA,2,71.6,5.5,4.73,55.5,No,2,8.0,Low,Yes,4.9,No,9.0,D,40.0,39.25500000000001,At-Risk,"(60, 75]","(4, 6]"
S0274,Female,17,Mechanical,1,71.4,3.6,6.28,60.9,No,3,6.0,Medium,Yes,6.7,Yes,2.0,F,29.1,32.83499999999995,At-Risk,"(60, 75]","(2, 4]"
S0275,Female,20,Mechanical,3,76.3,4.5,5.87,59.6,Yes,1,6.1,Medium,Yes,8.2,Yes,2.4,D,36.7,39.51899999999995,At-Risk,"(75, 90]","(4, 6]"
S0276,Female,18,Electrical,4,86.1,5.9,7.49,61.7,No,2,7.1,Low,Yes,9.9,No,12.3,C,52.1,54.54600000000003,At-Risk,"(75, 90]","(4, 6]"
S0277,Female,19,Computer Science,2,80.3,3.2,6.76,56.8,Yes,0,6.3,High,Yes,6.0,No,12.2,D,43.6,43.59899999999999,At-Risk,"(75, 90]","(2, 4]"
S0278,Female,25,BBA,2,69.5,4.2,7.35,87.4,Yes,3,8.0,High,Yes,4.6,Yes,29.4,D,40.2,41.617,At-Risk,"(60, 75]","(4, 6]"
S0279,Female,18,MBA,2,74.7,1.9,7.07,76.7,No,2,6.2,Low,No,5.0,Yes,13.4,D,42.1,41.05099999999996,At-Risk,"(60, 75]","(0, 2]"
S0280,Female,20,Computer Science,4,72.1,4.8,8.07,68.7,No,0,6.2,Low,Yes,5.2,No,7.8,D,38.3,41.55100000000003,At-Risk,"(60, 75]","(4, 6]"
S0281,Female,20,Electronics,4,64.1,4.0,6.93,53.8,No,5,9.2,Medium,Yes,6.5,No,20.5,D,34.8,35.795000000000044,At-Risk,"(60, 75]","(2, 4]"
S0282,Male,21,Civil,4,79.3,3.7,7.74,68.3,Yes,3,6.6,Medium,Yes,5.4,Yes,2.1,C,52.0,46.31500000000001,At-Risk,"(75, 90]","(2, 4]"
S0283,Male,20,Electrical,4,76.4,3.9,6.65,53.6,No,2,6.8,Low,No,5.7,No,7.0,C,49.9,46.625,At-Risk,"(75, 90]","(2, 4]"
S0284,Male,17,MBA,1,69.9,2.8,5.09,61.1,No,2,6.2,Medium,Yes,7.1,No,4.4,C,49.6,42.840999999999966,At-Risk,"(60, 75]","(2, 4]"
S0285,Female,19,BBA,4,75.1,6.9,6.57,68.6,Yes,2,3.6,Medium,Yes,7.1,No,2.1,D,41.7,43.71099999999995,At-Risk,"(75, 90]","(6, 10]"
S0286,Male,20,Electrical,3,78.6,3.5,6.55,59.3,No,3,7.5,Low,No,6.0,Yes,15.4,D,35.8,38.919000000000054,At-Risk,"(75, 90]","(2, 4]"
S0287,Male,18,Electrical,1,57.5,4.3,5.81,52.3,No,1,8.5,Medium,No,8.1,No,8.1,F,23.2,28.268,At-Risk,"(0, 60]","(4, 6]"
S0288,Female,19,Computer Science,4,83.8,5.7,7.81,73.2,Yes,1,8.0,High,Yes,9.7,No,9.1,C,53.6,56.18400000000003,At-Risk,"(75, 90]","(4, 6]"
S0289,Male,17,Civil,1,71.7,2.8,6.96,52.5,Yes,1,5.8,Low,Yes,4.0,Yes,6.3,D,38.6,37.39099999999996,At-Risk,"(60, 75]","(2, 4]"
S0290,Female,18,Electronics,3,69.1,4.4,6.47,61.0,Yes,3,6.3,Low,Yes,5.0,Yes,7.2,F,28.0,33.13199999999999,At-Risk,"(60, 75]","(4, 6]"
S0291,Male,19,Mechanical,1,76.3,6.6,7.52,54.7,No,1,6.9,Medium,Yes,3.9,No,2.2,B,62.6,48.827999999999996,At-Risk,"(75, 90]","(6, 10]"
S0292,Male,18,Mechanical,2,78.2,5.0,7.66,79.9,Yes,4,6.9,High,Yes,6.7,No,12.2,D,42.9,45.87500000000002,At-Risk,"(75, 90]","(4, 6]"
S0293,Female,20,Electrical,3,70.5,4.8,5.69,66.8,Yes,0,7.3,High,Yes,7.7,No,6.7,C,47.3,44.550000000000054,At-Risk,"(60, 75]","(4, 6]"
S0294,Male,21,Civil,2,76.0,7.0,8.58,72.5,Yes,1,6.7,Medium,Yes,6.6,No,18.0,B,64.3,61.25100000000008,Average,"(75, 90]","(6, 10]"
S0295,Male,22,BBA,2,59.9,0.9,4.32,46.1,No,4,6.1,Medium,No,4.0,No,3.2,F,19.8,27.711999999999993,At-Risk,"(0, 60]","(0, 2]"
S0296,Female,19,BBA,2,81.1,3.7,7.73,64.5,No,1,6.7,Medium,Yes,6.4,Yes,3.3,D,44.1,44.73299999999999,At-Risk,"(75, 90]","(2, 4]"
S0297,Female,18,MBA,4,76.9,4.2,5.49,47.8,No,1,7.7,Medium,No,7.5,No,11.4,D,40.6,41.754999999999974,At-Risk,"(75, 90]","(4, 6]"
S0298,Male,18,Computer Science,1,85.4,2.6,5.87,47.7,Yes,2,9.7,Low,Yes,8.4,Yes,19.7,D,30.9,36.38500000000003,At-Risk,"(75, 90]","(2, 4]"
S0299,Female,20,Civil,2,87.0,6.6,8.62,68.7,No,0,5.9,Low,Yes,5.0,No,7.4,C,59.3,59.644999999999975,At-Risk,"(75, 90]","(6, 10]"
S0300,Male,21,Civil,4,66.6,3.5,6.67,56.7,Yes,0,6.8,Low,Yes,7.0,No,14.0,F,22.0,35.23900000000001,At-Risk,"(60, 75]","(2, 4]"
S0301,Male,17,Computer Science,4,76.1,2.5,6.69,62.6,No,0,6.1,Medium,Yes,5.8,Yes,29.4,D,44.0,43.37299999999999,At-Risk,"(75, 90]","(2, 4]"
S0302,Female,23,BBA,2,70.6,3.3,5.32,63.2,Yes,0,6.9,Low,Yes,7.7,Yes,29.4,D,30.9,30.984000000000048,At-Risk,"(60, 75]","(2, 4]"
S0303,Female,18,BBA,3,81.4,0.399999999999999,7.4,84.8,Yes,3,7.7,High,Yes,7.1,No,14.6,D,35.3,36.26000000000003,At-Risk,"(75, 90]","(0, 2]"
S0304,Female,20,BBA,3,81.4,5.5,7.53,58.0,No,0,6.3,Low,Yes,4.8,No,14.5,D,37.5,42.10699999999999,At-Risk,"(75, 90]","(4, 6]"
S0305,Female,21,Electrical,4,89.2,2.2,7.15,68.7,Yes,5,4.0,Low,Yes,4.1,Yes,3.8,C,45.5,46.711999999999996,At-Risk,"(75, 90]","(2, 4]"
S0306,Other,22,Civil,2,78.8,5.8,8.0,74.5,Yes,1,7.7,Medium,Yes,5.3,No,18.9,C,54.0,51.80900000000001,At-Risk,"(75, 90]","(4, 6]"
S0307,Female,21,Mechanical,1,69.6,4.5,6.99,66.0,Yes,0,6.7,Medium,Yes,4.9,No,6.2,D,37.9,39.65700000000004,At-Risk,"(60, 75]","(4, 6]"
S0308,Male,22,Computer Science,1,77.5,5.2,8.51,72.1,No,0,6.1,Low,No,1.0,Yes,29.4,B,62.1,58.78900000000003,At-Risk,"(75, 90]","(4, 6]"
S0309,Female,19,BBA,1,100.0,3.0,8.12,76.9,No,2,5.8,Low,Yes,7.5,Yes,1.8,C,55.6,54.445000000000036,At-Risk,"(90, 100]","(2, 4]"
S0310,Male,22,MBA,3,84.1,4.1,7.7,51.1,No,3,6.9,High,Yes,9.3,No,6.7,C,53.3,50.39199999999999,At-Risk,"(75, 90]","(4, 6]"
S0311,Male,18,BBA,1,69.3,4.0,5.69,69.5,Yes,2,5.7,Low,Yes,4.7,Yes,9.1,D,40.8,39.36799999999999,At-Risk,"(60, 75]","(2, 4]"
S0312,Male,22,BBA,3,72.8,2.9,6.12,63.6,Yes,2,5.8,Low,Yes,6.6,No,6.2,D,30.4,33.24700000000004,At-Risk,"(60, 75]","(2, 4]"
S0313,Male,20,Electronics,2,82.1,3.5,8.24,71.7,No,1,5.0,High,Yes,6.1,No,3.4,D,38.5,48.44099999999997,At-Risk,"(75, 90]","(2, 4]"
S0314,Other,22,Electrical,1,60.0,3.1,4.87,36.4,No,1,5.7,Low,Yes,3.4,No,10.0,F,29.0,28.36300000000001,At-Risk,"(0, 60]","(2, 4]"
S0315,Female,20,Computer Science,4,74.0,1.2,5.77,65.1,Yes,4,7.3,Medium,Yes,8.3,Yes,15.1,D,43.9,35.416,At-Risk,"(60, 75]","(0, 2]"
S0316,Female,20,Electronics,2,83.7,4.8,8.88,62.1,No,2,4.8,Medium,Yes,7.1,Yes,11.4,D,35.1,40.66199999999995,At-Risk,"(75, 90]","(4, 6]"
S0317,Male,20,Electronics,1,75.3,4.4,6.55,55.2,No,5,7.9,Low,No,5.4,No,3.7,D,33.4,38.15500000000002,At-Risk,"(75, 90]","(4, 6]"
S0318,Male,21,MBA,3,89.4,6.4,10.0,99.4,Yes,1,5.1,Low,Yes,6.4,No,14.2,C,55.0,56.446,At-Risk,"(75, 90]","(6, 10]"
S0319,Male,18,Civil,1,73.5,3.9,6.32,61.3,No,1,6.7,Low,No,5.3,No,4.0,F,23.6,40.55200000000001,At-Risk,"(60, 75]","(2, 4]"
S0320,Male,18,MBA,3,69.7,4.9,6.89,61.3,Yes,1,7.1,Low,Yes,9.4,No,2.9,F,25.8,33.42600000000004,At-Risk,"(60, 75]","(4, 6]"
S0321,Female,19,Civil,3,74.9,4.2,7.62,78.4,Yes,5,7.5,Low,Yes,6.4,Yes,12.7,C,54.6,50.047,At-Risk,"(60, 75]","(4, 6]"
S0322,Female,18,Civil,2,82.2,4.1,6.23,74.2,Yes,1,7.5,Medium,Yes,7.2,No,19.5,D,40.3,43.803000000000004,At-Risk,"(75, 90]","(4, 6]"
S0323,Female,22,Computer Science,3,86.5,3.9,6.84,66.5,Yes,2,6.4,Medium,Yes,9.1,No,7.6,D,43.6,46.347999999999985,At-Risk,"(75, 90]","(2, 4]"
S0324,Male,19,BBA,2,70.3,6.9,6.78,72.5,Yes,0,6.3,Medium,Yes,3.5,No,8.6,D,42.8,45.57,At-Risk,"(60, 75]","(6, 10]"
S0325,Female,24,Computer Science,2,91.3,7.9,10.0,66.8,Yes,1,7.2,High,Yes,7.7,No,4.6,B,69.5,68.107,Average,"(90, 100]","(6, 10]"
S0326,Female,19,Electrical,1,87.5,6.5,9.58,86.0,Yes,2,6.8,Medium,No,5.2,Yes,7.8,B,69.2,65.42999999999994,Average,"(75, 90]","(6, 10]"
S0327,Female,18,Civil,1,80.1,4.4,7.9,79.4,Yes,1,6.1,Low,No,3.9,Yes,2.4,F,29.8,39.063000000000045,At-Risk,"(75, 90]","(4, 6]"
S0328,Female,21,Electronics,4,71.7,4.8,4.92,63.7,Yes,0,6.9,High,Yes,9.5,No,29.4,D,32.2,39.288000000000004,At-Risk,"(60, 75]","(4, 6]"
S0329,Male,21,BBA,2,76.3,3.9,7.06,82.9,Yes,2,6.3,Low,Yes,5.6,Yes,17.1,D,42.3,44.30500000000006,At-Risk,"(75, 90]","(2, 4]"
S0330,Male,20,Mechanical,2,73.9,4.1,7.4,73.9,No,0,5.8,Low,No,6.2,Yes,12.0,C,47.7,46.40699999999995,At-Risk,"(60, 75]","(4, 6]"
S0331,Male,20,Electrical,2,88.2,5.8,7.59,75.0,No,1,6.0,Medium,No,7.3,No,8.7,A,82.9,73.30199999999992,Average,"(75, 90]","(4, 6]"
S0332,Female,21,Computer Science,3,74.2,3.3,9.72,66.8,Yes,1,7.1,Medium,Yes,5.9,Yes,16.7,C,55.1,41.71400000000001,At-Risk,"(60, 75]","(2, 4]"
S0333,Male,19,MBA,1,72.5,4.1,5.89,46.2,No,0,5.4,Medium,Yes,8.0,No,7.8,D,34.8,39.805,At-Risk,"(60, 75]","(4, 6]"
S0334,Male,25,Electrical,2,75.5,2.7,6.17,68.4,Yes,0,7.8,Low,No,8.4,Yes,4.6,F,29.3,33.020000000000024,At-Risk,"(75, 90]","(2, 4]"
S0335,Male,24,Electrical,3,70.3,3.8,6.4,52.6,No,4,5.8,Medium,Yes,5.6,No,2.7,F,22.7,39.57600000000001,At-Risk,"(60, 75]","(2, 4]"
S0336,Male,21,BBA,1,85.5,4.3,8.96,84.9,Yes,2,3.8,Low,Yes,6.7,Yes,11.4,C,58.9,57.547999999999966,At-Risk,"(75, 90]","(4, 6]"
S0337,Female,18,Electrical,1,86.0,4.4,8.28,66.2,No,2,7.2,High,Yes,9.5,No,27.5,C,50.9,51.855999999999995,At-Risk,"(75, 90]","(4, 6]"
S0338,Female,21,Electrical,1,75.3,3.4,6.81,75.2,Yes,3,3.3000000000000007,Low,Yes,6.4,Yes,2.7,D,36.1,37.631999999999955,At-Risk,"(75, 90]","(2, 4]"
S0339,Male,18,Mechanical,2,76.3,5.0,7.34,51.6,No,0,5.3,High,Yes,4.3,No,3.0,C,53.4,50.220000000000006,At-Risk,"(75, 90]","(4, 6]"
S0340,Male,17,MBA,4,67.7,4.3,7.14,60.4,No,1,9.4,Medium,No,6.3,Yes,6.7,F,24.4,29.337000000000025,At-Risk,"(60, 75]","(4, 6]"
S0341,Female,19,MBA,1,78.5,3.6,6.41,57.6,No,1,7.8,High,Yes,8.2,No,17.4,D,42.6,43.91,At-Risk,"(75, 90]","(2, 4]"
S0342,Male,20,MBA,1,88.3,5.9,8.92,62.6,No,2,7.7,Medium,No,7.8,No,4.5,C,45.1,48.67300000000002,At-Risk,"(75, 90]","(4, 6]"
S0343,Male,22,Civil,2,79.7,5.9,6.46,69.0,No,1,5.2,Medium,Yes,3.7,Yes,3.9,C,54.9,52.306000000000004,At-Risk,"(75, 90]","(4, 6]"
S0344,Male,21,Electronics,3,72.0,3.2,6.06,63.9,No,1,6.3,Low,Yes,6.0,No,10.7,F,26.2,31.46999999999999,At-Risk,"(60, 75]","(2, 4]"
S0345,Male,21,MBA,3,78.4,3.6,6.24,51.8,No,1,8.0,Low,No,7.9,No,8.7,C,46.6,45.989000000000004,At-Risk,"(75, 90]","(2, 4]"
S0346,Female,20,Electrical,2,75.5,2.3,8.15,87.4,No,2,7.3,Low,No,3.8,Yes,1.6,F,29.4,36.51600000000005,At-Risk,"(75, 90]","(2, 4]"
S0347,Female,19,Electrical,3,83.4,5.4,6.43,64.3,Yes,1,7.9,High,Yes,7.3,No,1.9,B,67.9,61.310999999999986,Average,"(75, 90]","(4, 6]"
S0348,Male,19,MBA,3,74.3,4.2,5.88,47.0,No,2,8.6,High,Yes,8.6,No,11.3,C,48.7,46.39499999999992,At-Risk,"(60, 75]","(4, 6]"
S0349,Male,25,BBA,4,71.8,2.9,6.96,62.7,Yes,2,7.3,Medium,Yes,7.0,Yes,7.3,D,36.8,36.673000000000044,At-Risk,"(60, 75]","(2, 4]"
S0350,Female,17,MBA,3,70.0,2.4,7.01,71.4,Yes,0,5.0,Low,No,3.5,Yes,29.4,D,43.7,40.75899999999994,At-Risk,"(60, 75]","(2, 4]"
S0351,Female,22,Electrical,1,77.5,4.2,6.9,59.2,Yes,5,7.2,Medium,Yes,6.1,No,12.3,C,53.2,46.94300000000001,At-Risk,"(75, 90]","(4, 6]"
S0352,Female,20,Civil,1,87.1,5.1,8.4,75.9,Yes,1,6.2,Medium,No,8.5,No,1.1,B,60.3,52.66099999999997,At-Risk,"(75, 90]","(4, 6]"
S0353,Female,20,Computer Science,1,58.7,1.7,4.86,65.1,No,2,5.0,Medium,No,4.1,No,7.6,F,21.0,23.928,At-Risk,"(0, 60]","(0, 2]"
S0354,Male,21,Computer Science,2,87.4,5.9,7.26,61.2,Yes,0,7.6,Medium,Yes,9.4,No,6.4,C,56.8,55.37100000000004,At-Risk,"(75, 90]","(4, 6]"
S0355,Male,20,MBA,4,72.5,2.3,5.6,61.6,Yes,0,7.9,High,Yes,6.2,No,2.1,D,38.4,37.25300000000004,At-Risk,"(60, 75]","(2, 4]"
S0356,Female,22,Mechanical,2,87.9,4.6,8.81,88.1,Yes,3,6.4,Low,Yes,7.0,Yes,26.7,C,55.8,56.77800000000001,At-Risk,"(75, 90]","(4, 6]"
S0357,Male,23,MBA,1,87.1,5.5,8.27,83.7,Yes,1,6.9,Medium,Yes,6.8,No,17.3,B,64.7,61.49399999999992,Average,"(75, 90]","(4, 6]"
S0358,Female,20,BBA,3,69.9,5.6,7.35,94.4,Yes,2,4.0,Medium,Yes,5.2,No,3.6,D,35.8,45.98499999999997,At-Risk,"(60, 75]","(4, 6]"
S0359,Female,19,MBA,2,66.3,0.399999999999999,4.0,39.0,No,1,7.8,Low,No,3.3,Yes,4.0,F,13.7,20.614000000000015,At-Risk,"(60, 75]","(0, 2]"
S0360,Female,20,Computer Science,1,84.8,4.6,6.48,66.8,No,1,7.5,Low,No,8.0,No,1.3,C,50.0,49.306999999999995,At-Risk,"(75, 90]","(4, 6]"
S0361,Male,23,Electrical,2,69.6,4.4,7.31,69.0,Yes,3,6.8,Low,Yes,5.3,Yes,4.5,D,44.3,42.69900000000004,At-Risk,"(60, 75]","(4, 6]"
S0362,Female,19,MBA,2,72.3,5.6,7.54,63.0,No,1,5.0,High,Yes,6.5,No,9.8,D,33.1,37.41299999999996,At-Risk,"(60, 75]","(4, 6]"
S0363,Male,20,Electrical,3,85.4,3.4,7.67,90.4,Yes,1,4.5,Medium,Yes,6.0,Yes,6.5,C,53.6,52.49300000000002,At-Risk,"(75, 90]","(2, 4]"
S0364,Female,20,Electrical,1,76.8,4.5,9.01,77.7,Yes,2,8.9,Medium,Yes,4.1,Yes,29.4,C,55.7,55.45699999999999,At-Risk,"(75, 90]","(4, 6]"
S0365,Female,21,Mechanical,1,63.7,0.8,4.9,59.0,Yes,3,5.3,High,Yes,6.5,No,1.6,F,29.8,28.95900000000003,At-Risk,"(60, 75]","(0, 2]"
S0366,Male,18,Electrical,2,80.1,3.4,5.27,52.1,No,1,6.7,Medium,No,6.3,Yes,10.0,D,41.0,42.525999999999975,At-Risk,"(75, 90]","(2, 4]"
S0367,Other,21,Computer Science,1,78.4,6.1,6.96,61.5,Yes,3,5.3,Low,Yes,7.1,No,20.5,D,44.5,46.87900000000001,At-Risk,"(75, 90]","(6, 10]"
S0368,Female,23,Civil,3,66.8,8.400000000000002,6.66,59.7,No,1,3.8,Medium,Yes,3.5,No,7.6,C,53.2,49.08099999999996,At-Risk,"(60, 75]","(6, 10]"
S0369,Male,18,Civil,2,81.9,8.400000000000002,7.81,81.4,Yes,0,7.0,Medium,Yes,9.4,No,1.0,C,56.8,55.73000000000008,At-Risk,"(75, 90]","(6, 10]"
S0370,Male,19,Electronics,2,88.2,6.1,8.51,66.4,Yes,1,7.2,Medium,Yes,8.1,No,3.8,C,53.8,55.17600000000006,At-Risk,"(75, 90]","(6, 10]"
S0371,Male,24,BBA,4,74.3,2.4,6.28,63.4,Yes,1,4.5,Medium,No,6.0,Yes,4.9,D,35.3,36.12500000000005,At-Risk,"(60, 75]","(2, 4]"
S0372,Male,18,MBA,3,66.2,3.9,5.7,53.4,No,3,7.8,Medium,Yes,5.7,No,29.4,D,33.3,35.30600000000003,At-Risk,"(60, 75]","(2, 4]"
S0373,Male,22,BBA,1,73.9,1.9,5.57,58.8,Yes,3,5.9,Low,Yes,6.4,Yes,25.3,D,34.3,34.122000000000035,At-Risk,"(60, 75]","(0, 2]"
S0374,Female,20,Computer Science,2,59.3,1.7,5.36,56.9,Yes,2,5.2,High,Yes,1.9,Yes,29.4,F,18.4,21.057000000000016,At-Risk,"(0, 60]","(0, 2]"
S0375,Male,19,Electrical,3,61.5,3.8,5.47,66.8,Yes,4,5.1,Low,No,4.3,No,18.5,F,19.1,24.514999999999976,At-Risk,"(60, 75]","(2, 4]"
S0376,Male,22,Civil,3,76.3,3.8,4.74,40.4,Yes,2,7.5,Low,Yes,9.6,No,5.3,D,43.3,40.86100000000005,At-Risk,"(75, 90]","(2, 4]"
S0377,Female,20,BBA,1,83.5,3.8,7.57,78.6,Yes,2,4.2,Low,No,7.1,No,24.6,C,51.4,52.043999999999976,At-Risk,"(75, 90]","(2, 4]"
S0378,Male,20,Computer Science,4,75.3,4.4,7.42,61.9,Yes,0,5.0,Low,No,6.3,No,29.4,B,60.5,44.701,At-Risk,"(75, 90]","(4, 6]"
S0379,Female,19,Civil,2,68.2,3.2,5.71,54.4,Yes,2,7.0,Low,No,8.2,Yes,5.3,D,42.5,39.12,At-Risk,"(60, 75]","(2, 4]"
S0380,Male,20,Electrical,1,80.5,5.0,5.97,46.2,Yes,4,6.9,High,Yes,7.6,No,4.0,C,51.4,50.22499999999998,At-Risk,"(75, 90]","(4, 6]"
S0381,Male,18,BBA,1,85.7,4.9,6.34,68.9,Yes,2,5.3,High,Yes,7.2,No,8.9,C,55.6,54.369999999999955,At-Risk,"(75, 90]","(4, 6]"
S0382,Female,19,Civil,1,92.7,7.4,9.38,92.1,Yes,1,8.0,Low,Yes,6.9,No,3.1,B,67.7,63.66099999999996,Average,"(90, 100]","(6, 10]"
S0383,Female,24,MBA,3,76.7,3.7,6.31,61.1,No,2,5.2,Low,Yes,4.2,No,1.3,D,38.8,40.60800000000004,At-Risk,"(75, 90]","(2, 4]"
S0384,Female,19,MBA,1,75.8,6.3,8.11,71.5,No,0,6.2,Low,No,4.6,No,29.4,D,44.2,48.30599999999994,At-Risk,"(75, 90]","(6, 10]"
S0385,Female,21,Electronics,1,80.5,3.3,7.44,67.2,No,2,6.1,Low,No,8.3,No,27.0,C,46.9,45.211000000000006,At-Risk,"(75, 90]","(2, 4]"
S0386,Female,19,Electronics,4,76.3,3.9,6.57,74.7,Yes,2,6.1,Low,Yes,3.5,No,2.8,D,33.5,36.79199999999999,At-Risk,"(75, 90]","(2, 4]"
S0387,Male,21,Civil,2,68.0,5.9,5.32,43.2,No,2,6.3,High,Yes,6.7,No,6.2,D,37.2,40.48199999999996,At-Risk,"(60, 75]","(4, 6]"
S0388,Male,18,Computer Science,1,70.1,2.5,6.15,77.9,Yes,4,6.2,Low,Yes,5.9,Yes,18.8,F,20.8,26.454999999999995,At-Risk,"(60, 75]","(2, 4]"
S0389,Female,24,MBA,1,80.2,4.3,6.2,55.4,No,1,6.2,Medium,Yes,8.4,No,11.8,C,49.5,44.60900000000003,At-Risk,"(75, 90]","(4, 6]"
S0390,Female,20,Computer Science,1,86.8,7.1,8.64,83.8,Yes,2,6.3,Low,Yes,6.7,No,6.0,C,55.0,56.94999999999999,At-Risk,"(75, 90]","(6, 10]"
S0391,Other,19,Computer Science,1,72.7,5.0,6.52,70.4,Yes,1,7.8,High,Yes,6.5,No,14.6,D,30.9,35.866000000000035,At-Risk,"(60, 75]","(4, 6]"
S0392,Male,18,Civil,3,71.5,5.2,8.79,77.1,Yes,0,6.2,Medium,Yes,5.1,No,23.7,C,48.9,49.932999999999986,At-Risk,"(60, 75]","(4, 6]"
S0393,Male,18,Computer Science,1,82.1,3.4,8.65,85.6,Yes,1,7.3,High,Yes,6.5,Yes,27.1,C,59.3,55.20700000000008,At-Risk,"(75, 90]","(2, 4]"
S0394,Female,20,MBA,1,70.3,4.9,5.8,67.7,Yes,1,6.7,Medium,Yes,7.8,No,5.8,D,44.0,43.44200000000001,At-Risk,"(60, 75]","(4, 6]"
S0395,Male,19,Electrical,3,72.0,3.6,7.12,46.7,No,0,6.9,Low,No,6.5,Yes,2.9,D,33.1,38.422999999999995,At-Risk,"(60, 75]","(2, 4]"
S0396,Female,22,Electronics,3,92.0,7.4,8.56,78.4,No,0,7.4,Low,No,5.3,No,25.4,B,67.7,66.43699999999991,Average,"(90, 100]","(6, 10]"
S0397,Female,20,Electrical,2,91.3,4.5,7.05,66.8,Yes,3,5.1,Medium,Yes,5.5,Yes,2.0,C,46.6,48.541,At-Risk,"(90, 100]","(4, 6]"
S0398,Male,19,Computer Science,2,80.4,5.5,7.4,75.3,Yes,3,7.3,Medium,Yes,8.8,No,13.8,C,53.7,53.29599999999994,At-Risk,"(75, 90]","(4, 6]"
S0399,Female,20,Electrical,2,72.2,5.8,8.44,65.7,No,1,6.2,Medium,No,5.4,No,2.5,B,60.9,54.53099999999999,At-Risk,"(60, 75]","(4, 6]"
S0400,Female,21,MBA,2,78.2,3.9,7.54,63.2,No,1,5.3,Low,Yes,1.1,Yes,5.9,C,48.5,47.02700000000001,At-Risk,"(75, 90]","(2, 4]"
S0401,Male,18,MBA,2,81.6,0.399999999999999,7.44,62.4,No,2,7.4,Low,No,6.1,Yes,6.3,D,38.2,36.24899999999995,At-Risk,"(75, 90]","(0, 2]"
S0402,Female,18,Computer Science,2,78.6,4.9,7.53,56.4,No,3,6.0,Medium,No,3.1,No,2.7,C,45.9,46.70699999999999,At-Risk,"(75, 90]","(4, 6]"
S0403,Female,17,Civil,4,66.6,5.1,6.13,66.0,Yes,2,7.0,Medium,Yes,4.3,No,26.6,D,35.8,38.578000000000046,At-Risk,"(60, 75]","(4, 6]"
S0404,Female,21,Electrical,1,68.7,4.4,5.12,52.2,No,0,3.3000000000000007,Medium,No,6.9,Yes,1.0,D,38.9,38.17200000000005,At-Risk,"(60, 75]","(4, 6]"
S0405,Male,21,Civil,3,70.0,0.399999999999999,4.6,51.3,No,1,7.4,Low,Yes,10.0,Yes,23.4,F,21.6,25.55599999999997,At-Risk,"(60, 75]","(0, 2]"
S0406,Female,20,Civil,1,79.5,7.0,6.18,63.7,Yes,3,9.6,Medium,Yes,9.8,No,22.5,B,63.0,54.726000000000006,At-Risk,"(75, 90]","(6, 10]"
S0407,Male,22,Mechanical,3,68.3,4.4,6.93,87.6,Yes,0,6.5,Low,Yes,1.0,Yes,4.8,D,34.5,36.270999999999994,At-Risk,"(60, 75]","(4, 6]"
S0408,Male,22,Computer Science,3,81.7,4.0,7.74,65.4,Yes,0,6.2,Low,Yes,4.7,Yes,13.2,C,46.4,46.692,At-Risk,"(75, 90]","(2, 4]"
S0409,Female,20,Electronics,4,70.0,4.5,8.86,76.1,Yes,4,5.9,Medium,Yes,4.7,No,3.9,C,51.4,50.376,At-Risk,"(60, 75]","(4, 6]"
S0410,Male,22,MBA,1,75.2,4.1,6.07,63.8,Yes,4,7.2,Low,Yes,4.7,No,15.2,D,34.5,37.80700000000001,At-Risk,"(75, 90]","(4, 6]"
S0411,Male,19,MBA,2,91.8,8.2,10.0,80.0,No,2,6.1,Low,No,6.6,No,9.2,B,68.8,66.47100000000005,Average,"(90, 100]","(6, 10]"
S0412,Female,18,Computer Science,2,93.8,5.6,9.52,84.3,Yes,0,7.3,Low,Yes,6.2,Yes,4.6,B,65.4,64.18499999999996,Average,"(90, 100]","(4, 6]"
S0413,Female,19,BBA,3,62.3,0.5,4.32,59.3,Yes,2,8.6,Low,Yes,4.4,Yes,6.1,F,24.6,26.03199999999997,At-Risk,"(60, 75]","(0, 2]"
S0414,Female,18,BBA,2,79.3,4.7,7.68,72.9,No,1,7.5,Low,Yes,3.6,No,12.7,C,51.6,51.16,At-Risk,"(75, 90]","(4, 6]"
S0415,Female,20,BBA,2,78.4,3.5,8.09,66.5,No,1,6.3,Low,No,3.9,Yes,24.7,C,49.4,47.615,At-Risk,"(75, 90]","(2, 4]"
S0416,Male,23,Electronics,2,67.9,2.0,4.69,42.5,Yes,0,5.2,Low,Yes,5.8,No,2.4,D,36.6,35.51899999999996,At-Risk,"(60, 75]","(0, 2]"
S0417,Male,17,MBA,2,71.2,3.7,6.81,72.9,No,0,6.0,Low,No,4.8,Yes,9.5,C,46.1,45.007999999999974,At-Risk,"(60, 75]","(2, 4]"
S0418,Male,18,Computer Science,2,78.7,4.4,7.34,67.3,Yes,0,6.3,Medium,Yes,7.7,No,3.9,C,58.9,55.71399999999998,At-Risk,"(75, 90]","(4, 6]"
S0419,Female,20,MBA,1,73.3,4.1,7.48,60.2,No,2,4.9,Low,No,5.6,Yes,17.2,D,35.5,36.99099999999999,At-Risk,"(60, 75]","(4, 6]"
S0420,Female,23,Civil,4,78.2,3.8,7.67,65.5,No,2,7.8,Low,No,6.7,No,1.7,C,56.8,52.81600000000006,At-Risk,"(75, 90]","(2, 4]"
S0421,Female,19,Electrical,3,82.5,6.0,7.46,69.9,Yes,0,7.2,Low,Yes,5.8,No,12.7,D,36.0,52.562999999999974,At-Risk,"(75, 90]","(4, 6]"
S0422,Female,20,Electrical,4,76.7,8.400000000000002,6.97,65.7,Yes,0,5.2,Medium,Yes,2.6,No,2.9,C,46.0,49.56800000000001,At-Risk,"(75, 90]","(6, 10]"
S0423,Male,17,MBA,1,84.9,7.2,8.52,80.4,No,1,4.4,High,Yes,3.8,No,10.1,C,52.9,55.821999999999974,At-Risk,"(75, 90]","(6, 10]"
S0424,Female,18,Mechanical,4,76.3,3.5,8.68,56.4,Yes,0,7.4,Medium,Yes,8.9,Yes,19.1,D,39.3,47.26499999999999,At-Risk,"(75, 90]","(2, 4]"
S0425,Male,25,Electronics,3,74.5,0.5,8.37,78.3,No,1,4.5,Medium,Yes,7.4,No,15.1,C,46.0,45.047999999999995,At-Risk,"(60, 75]","(0, 2]"
S0426,Female,24,BBA,3,70.0,2.7,5.67,61.6,No,1,6.6,Medium,Yes,6.3,No,15.0,D,43.8,39.01200000000005,At-Risk,"(60, 75]","(2, 4]"
S0427,Male,17,Electronics,3,78.9,8.0,6.96,92.5,Yes,0,6.0,Medium,Yes,4.9,No,8.3,C,54.3,53.82300000000006,At-Risk,"(75, 90]","(6, 10]"
S0428,Female,24,Electronics,2,81.6,5.4,8.16,70.4,Yes,0,7.5,Medium,Yes,9.5,No,23.1,C,56.0,55.68499999999998,At-Risk,"(75, 90]","(4, 6]"
S0429,Male,20,Civil,3,69.6,2.7,6.16,67.8,Yes,5,7.5,Low,Yes,5.5,No,9.9,C,45.2,35.947000000000024,At-Risk,"(60, 75]","(2, 4]"
S0430,Male,22,Electronics,2,73.5,2.3,7.83,60.6,No,3,5.5,Low,No,3.2,Yes,26.0,F,19.9,35.98500000000001,At-Risk,"(60, 75]","(2, 4]"
S0431,Male,20,Electrical,1,70.5,1.0,6.48,58.1,No,2,7.6,Low,Yes,6.3,Yes,8.9,D,34.3,33.06300000000003,At-Risk,"(60, 75]","(0, 2]"
S0432,Female,20,Civil,2,74.1,5.8,6.48,75.5,Yes,1,6.2,High,Yes,1.9,No,8.1,C,45.7,46.406999999999954,At-Risk,"(60, 75]","(4, 6]"
S0433,Female,20,Computer Science,4,71.4,4.2,7.21,64.7,Yes,1,6.5,Medium,Yes,3.9,No,3.5,D,36.3,40.506999999999984,At-Risk,"(60, 75]","(4, 6]"
S0434,Male,21,Electronics,4,63.0,5.0,5.76,63.6,Yes,2,6.5,Medium,Yes,5.4,No,8.9,F,29.8,31.215000000000018,At-Risk,"(60, 75]","(4, 6]"
S0435,Male,18,Electronics,4,82.2,2.9,6.55,59.9,No,3,9.2,Low,Yes,5.7,Yes,2.5,D,40.2,40.648999999999944,At-Risk,"(75, 90]","(2, 4]"
S0436,Female,17,Computer Science,3,64.4,5.0,6.76,72.6,Yes,1,6.4,Medium,Yes,4.0,No,21.4,D,39.4,38.79900000000004,At-Risk,"(60, 75]","(4, 6]"
S0437,Male,19,Electronics,1,83.5,2.3,5.54,57.8,Yes,0,4.5,Low,Yes,8.7,Yes,12.3,D,38.2,39.204999999999956,At-Risk,"(75, 90]","(2, 4]"
S0438,Female,21,Computer Science,1,65.7,0.399999999999999,6.16,66.3,Yes,0,5.6,Low,No,8.3,No,29.4,D,30.7,30.44699999999999,At-Risk,"(60, 75]","(0, 2]"
S0439,Female,19,Civil,1,77.7,3.7,6.12,66.6,Yes,2,7.4,High,Yes,10.0,No,2.0,C,45.6,45.885999999999996,At-Risk,"(75, 90]","(2, 4]"
S0440,Male,21,Electrical,1,72.7,3.6,7.02,64.7,Yes,2,6.2,Medium,Yes,5.6,No,3.8,C,45.7,42.78399999999996,At-Risk,"(60, 75]","(2, 4]"
S0441,Male,24,Computer Science,2,72.6,4.9,7.36,78.4,Yes,1,6.5,Low,Yes,4.9,No,22.0,C,58.5,44.378000000000014,At-Risk,"(60, 75]","(4, 6]"
S0442,Other,18,Mechanical,1,87.3,6.8,8.48,76.1,Yes,1,6.0,High,Yes,8.7,No,6.0,B,64.6,62.30500000000007,Average,"(75, 90]","(6, 10]"
S0443,Male,21,Computer Science,2,82.2,4.5,7.51,68.0,No,3,3.3000000000000007,Low,No,6.0,No,7.3,C,50.2,48.76499999999993,At-Risk,"(75, 90]","(4, 6]"
S0444,Male,20,Electronics,4,79.4,5.3,7.08,77.6,No,1,5.6,High,Yes,3.9,No,20.7,D,37.6,44.1,At-Risk,"(75, 90]","(4, 6]"
S0445,Female,22,BBA,2,76.6,3.9,7.23,71.7,Yes,1,6.4,Low,Yes,3.2,Yes,8.4,C,47.7,45.810999999999964,At-Risk,"(75, 90]","(2, 4]"
S0446,Female,18,BBA,4,64.2,4.4,4.94,56.5,No,1,4.4,Low,No,5.2,No,3.2,D,44.3,32.93300000000001,At-Risk,"(60, 75]","(4, 6]"
S0447,Other,21,Civil,3,80.0,2.6,6.73,73.5,Yes,1,5.1,Low,Yes,5.0,Yes,23.3,D,38.4,40.479000000000035,At-Risk,"(75, 90]","(2, 4]"
S0448,Female,22,MBA,1,84.7,7.3,9.12,87.5,Yes,0,6.1,Low,No,5.9,No,1.3,C,55.7,59.68999999999997,At-Risk,"(75, 90]","(6, 10]"
S0449,Male,23,Civil,2,67.7,2.0,6.64,74.6,Yes,3,6.1,Low,Yes,4.7,Yes,23.6,D,41.1,37.570999999999955,At-Risk,"(60, 75]","(0, 2]"
S0450,Male,21,MBA,1,92.6,7.7,8.89,76.0,No,2,7.0,Medium,Yes,10.0,No,1.5,C,49.9,56.16499999999997,At-Risk,"(90, 100]","(6, 10]"
S0451,Female,20,BBA,2,68.9,5.2,6.96,71.4,Yes,2,6.2,High,Yes,3.4,No,12.0,D,42.6,42.78599999999999,At-Risk,"(60, 75]","(4, 6]"
S0452,Female,20,BBA,3,60.3,2.3,5.19,61.3,Yes,2,6.9,Medium,No,7.0,No,1.7,D,41.0,35.412000000000006,At-Risk,"(60, 75]","(2, 4]"
S0453,Male,22,Computer Science,1,76.0,5.4,7.2,48.2,No,1,5.7,Low,No,4.9,No,13.2,D,36.2,39.43299999999996,At-Risk,"(75, 90]","(4, 6]"
S0454,Female,20,Electrical,1,77.5,4.7,8.2,73.9,Yes,2,6.8,Medium,Yes,5.7,No,1.3,C,54.0,47.98799999999999,At-Risk,"(75, 90]","(4, 6]"
S0455,Male,17,Mechanical,2,85.1,5.1,9.55,86.0,Yes,0,8.3,Low,Yes,8.2,Yes,19.5,C,56.4,57.08699999999996,At-Risk,"(75, 90]","(4, 6]"
S0456,Female,23,Civil,4,72.0,1.0,5.18,56.6,No,0,6.8,Low,No,1.8,Yes,7.3,D,36.0,35.112,At-Risk,"(60, 75]","(0, 2]"
S0457,Male,21,Electronics,3,83.7,6.0,8.13,78.3,Yes,2,6.2,Medium,Yes,4.1,No,2.0,C,55.5,54.23000000000001,At-Risk,"(75, 90]","(4, 6]"
S0458,Male,21,MBA,3,86.7,4.0,7.72,86.9,Yes,0,5.4,Medium,Yes,4.8,Yes,13.3,C,45.9,47.972000000000016,At-Risk,"(75, 90]","(2, 4]"
S0459,Male,19,Electronics,1,82.5,3.8,8.03,68.7,No,1,6.6,Low,Yes,7.7,Yes,7.7,D,35.1,40.47299999999996,At-Risk,"(75, 90]","(2, 4]"
S0460,Male,21,Electrical,3,71.4,0.7,4.0,32.0,No,1,6.2,Low,No,8.4,No,3.1,D,33.8,31.975000000000026,At-Risk,"(60, 75]","(0, 2]"
S0461,Male,19,MBA,3,93.5,4.4,8.61,88.8,Yes,5,7.2,High,Yes,9.6,No,1.2,B,64.8,60.893000000000036,Average,"(90, 100]","(4, 6]"
S0462,Female,21,Civil,3,72.8,6.5,8.86,64.7,No,0,4.3,Low,No,1.9,No,6.4,F,28.0,37.44,At-Risk,"(60, 75]","(6, 10]"
S0463,Female,18,Computer Science,4,71.9,4.0,6.79,67.8,Yes,0,6.3,Medium,Yes,3.1,Yes,1.9,F,26.6,32.744999999999955,At-Risk,"(60, 75]","(2, 4]"
S0464,Female,21,Electronics,2,76.3,4.4,7.78,90.3,Yes,2,7.0,Medium,Yes,5.5,No,2.0,C,52.7,50.53299999999994,At-Risk,"(75, 90]","(4, 6]"
S0465,Other,25,Electrical,4,64.3,2.7,4.65,51.2,No,2,6.7,Low,No,5.7,No,4.1,F,21.4,25.459000000000028,At-Risk,"(60, 75]","(2, 4]"
S0466,Male,17,Civil,4,75.7,5.5,9.42,74.7,No,1,6.1,Low,No,1.7,Yes,11.0,C,46.1,49.18800000000001,At-Risk,"(75, 90]","(4, 6]"
S0467,Male,24,BBA,1,95.9,7.0,9.33,100.0,Yes,0,6.1,Medium,No,7.8,No,8.5,B,65.4,64.68199999999992,Average,"(90, 100]","(6, 10]"
S0468,Female,20,BBA,2,60.3,2.6,5.04,56.3,Yes,5,5.2,Medium,Yes,2.2,No,1.7,F,24.8,24.750000000000004,At-Risk,"(60, 75]","(2, 4]"
S0469,Male,22,Civil,4,71.7,6.6,7.26,71.4,No,3,7.0,Medium,Yes,9.2,No,29.4,B,65.6,46.683000000000014,At-Risk,"(60, 75]","(6, 10]"
S0470,Other,21,Civil,1,90.5,2.3,7.35,73.2,Yes,1,7.0,Medium,Yes,8.1,Yes,22.8,D,44.6,46.44800000000002,At-Risk,"(90, 100]","(2, 4]"
S0471,Male,20,Civil,2,70.4,3.4,6.96,68.7,Yes,2,4.8,High,Yes,3.0,Yes,4.0,D,34.2,36.70699999999995,At-Risk,"(60, 75]","(2, 4]"
S0472,Other,21,MBA,4,93.3,4.7,7.09,73.4,Yes,2,7.4,Medium,Yes,9.6,No,2.3,B,70.2,63.62299999999994,Average,"(90, 100]","(4, 6]"
S0473,Male,22,Civil,2,68.8,4.9,6.42,65.9,Yes,0,5.7,Medium,Yes,5.2,No,29.4,C,56.4,48.891999999999996,At-Risk,"(60, 75]","(4, 6]"
S0474,Female,20,Electronics,1,73.0,5.4,6.9,70.1,No,4,6.0,Medium,Yes,4.7,No,7.2,D,39.9,42.14400000000001,At-Risk,"(60, 75]","(4, 6]"
S0475,Female,19,Electrical,3,85.1,5.7,9.24,66.5,No,0,8.7,Medium,No,6.5,No,4.7,B,61.4,61.19299999999995,Average,"(75, 90]","(4, 6]"
S0476,Other,21,MBA,1,79.6,4.6,7.4,61.0,Yes,0,8.4,Medium,Yes,6.7,No,7.7,D,31.9,39.34000000000004,At-Risk,"(75, 90]","(4, 6]"
S0477,Male,22,Civil,2,83.3,5.4,7.62,67.4,Yes,2,4.8,Medium,Yes,5.4,No,15.8,A,80.7,70.34199999999993,Average,"(75, 90]","(4, 6]"
S0478,Female,21,Mechanical,1,76.9,4.4,6.37,63.8,Yes,0,5.0,Medium,Yes,6.0,No,2.8,C,55.1,52.27000000000001,At-Risk,"(75, 90]","(4, 6]"
S0479,Other,21,Mechanical,3,77.4,4.4,7.63,85.7,Yes,0,5.2,Low,Yes,3.4,Yes,15.6,C,53.8,52.40500000000006,At-Risk,"(75, 90]","(4, 6]"
S0480,Female,20,Electrical,2,65.5,4.4,6.51,65.1,Yes,1,8.4,Medium,Yes,6.1,No,14.8,C,47.3,43.227000000000054,At-Risk,"(60, 75]","(4, 6]"
S0481,Female,22,BBA,3,76.3,1.6,4.71,48.5,No,0,5.8,Low,Yes,4.8,No,8.8,F,28.0,31.542999999999996,At-Risk,"(75, 90]","(0, 2]"
S0482,Female,18,Computer Science,3,81.8,7.2,7.91,84.6,Yes,2,4.7,Low,Yes,8.8,No,21.1,C,50.0,53.92900000000003,At-Risk,"(75, 90]","(6, 10]"
S0483,Male,20,Computer Science,2,87.9,6.2,7.68,55.8,No,2,8.0,Low,Yes,6.3,No,2.4,B,69.2,54.605999999999995,At-Risk,"(75, 90]","(6, 10]"
S0484,Female,17,BBA,3,67.9,4.6,5.72,66.7,Yes,1,7.2,Medium,Yes,6.2,No,10.1,C,55.9,48.285,At-Risk,"(60, 75]","(4, 6]"
S0485,Female,19,MBA,1,69.3,3.6,4.95,69.1,Yes,2,9.2,Medium,Yes,10.0,No,7.0,D,34.7,36.05799999999995,At-Risk,"(60, 75]","(2, 4]"
S0486,Female,19,MBA,3,68.7,2.0,6.09,66.8,Yes,1,7.2,Low,Yes,5.9,Yes,6.5,F,29.8,33.22300000000003,At-Risk,"(60, 75]","(0, 2]"
S0487,Male,19,MBA,1,73.9,8.400000000000002,6.91,55.4,No,1,6.5,Medium,Yes,4.2,No,3.9,C,48.8,49.58299999999999,At-Risk,"(60, 75]","(6, 10]"
S0488,Male,21,Computer Science,4,72.3,4.9,6.3,70.5,Yes,1,6.8,Medium,Yes,3.8,No,5.7,D,38.1,38.782999999999966,At-Risk,"(60, 75]","(4, 6]"
S0489,Female,19,Mechanical,1,77.9,5.5,7.83,69.8,Yes,3,6.0,Low,Yes,3.2,No,2.1,C,48.7,47.951999999999934,At-Risk,"(75, 90]","(4, 6]"
S0490,Female,20,Computer Science,2,74.3,7.2,7.48,82.3,Yes,2,8.1,Medium,Yes,8.3,No,3.9,C,58.7,55.29099999999997,At-Risk,"(60, 75]","(6, 10]"
S0491,Male,19,Electronics,3,73.2,3.7,6.92,75.8,No,2,8.1,Medium,No,4.1,No,4.2,C,53.7,49.35099999999994,At-Risk,"(60, 75]","(2, 4]"
S0492,Female,19,Civil,2,73.5,4.4,6.22,59.3,Yes,0,4.6,Medium,Yes,8.2,No,13.8,D,33.1,37.52599999999996,At-Risk,"(60, 75]","(4, 6]"
S0493,Male,19,MBA,1,87.1,8.400000000000002,8.5,92.8,No,1,7.6,Medium,No,7.1,No,1.5,B,60.8,60.915000000000056,Average,"(75, 90]","(6, 10]"
S0494,Male,18,Mechanical,2,75.5,5.0,8.06,63.3,No,1,5.2,Medium,No,4.2,Yes,11.5,C,50.3,48.019000000000005,At-Risk,"(75, 90]","(4, 6]"
S0495,Male,20,Electrical,3,63.9,4.6,7.48,74.2,Yes,2,9.4,Low,Yes,6.1,Yes,3.5,F,27.6,32.09299999999997,At-Risk,"(60, 75]","(4, 6]"
S0496,Male,21,Electrical,3,84.4,3.0,7.97,66.4,Yes,2,8.3,Low,Yes,7.3,Yes,1.9,C,55.6,54.34000000000001,At-Risk,"(75, 90]","(2, 4]"
S0497,Female,20,Civil,2,76.4,6.4,8.19,75.6,Yes,3,5.1,Low,Yes,5.0,No,4.6,D,37.8,42.68400000000003,At-Risk,"(75, 90]","(6, 10]"
S0498,Male,20,Mechanical,2,77.9,3.2,7.27,65.3,Yes,0,6.8,High,Yes,5.5,No,3.5,D,39.4,41.05900000000004,At-Risk,"(75, 90]","(2, 4]"
S0499,Other,19,Computer Science,2,90.6,3.6,7.86,79.5,Yes,2,7.7,Low,Yes,8.4,Yes,9.0,C,50.4,51.306000000000004,At-Risk,"(90, 100]","(2, 4]"
S0500,Other,22,Computer Science,3,71.6,2.8,7.35,66.6,Yes,1,5.8,Low,Yes,5.6,Yes,5.4,D,31.6,33.29699999999996,At-Risk,"(60, 75]","(2, 4]"
S0501,Female,20,Electronics,3,75.3,4.8,7.6,71.5,Yes,2,4.9,High,Yes,3.6,No,29.4,C,55.7,49.636,At-Risk,"(75, 90]","(4, 6]"
S0502,Female,20,Electronics,2,57.3,0.9,5.45,57.0,Yes,0,6.6,High,Yes,3.7,Yes,29.4,F,20.4,29.394000000000016,At-Risk,"(0, 60]","(0, 2]"
S0503,Male,17,Computer Science,1,72.3,5.7,7.29,77.4,Yes,3,6.3,Medium,Yes,2.6,No,6.9,D,41.0,41.681,At-Risk,"(60, 75]","(4, 6]"
S0504,Female,19,Electrical,1,76.9,5.5,7.3,73.9,Yes,1,5.4,Low,No,6.1,Yes,16.9,C,49.9,49.81900000000002,At-Risk,"(75, 90]","(4, 6]"
S0505,Female,19,MBA,1,94.4,7.7,9.26,85.0,Yes,4,8.0,Low,Yes,8.6,No,1.1,B,70.7,68.11799999999994,Average,"(90, 100]","(6, 10]"
S0506,Male,19,Electrical,1,77.4,5.7,7.25,63.4,No,2,5.0,Medium,No,4.1,No,8.9,C,47.1,46.769,At-Risk,"(75, 90]","(4, 6]"
S0507,Female,20,Electronics,2,88.4,5.6,8.08,58.4,No,2,6.4,Low,No,9.9,No,14.6,C,58.9,56.433999999999976,At-Risk,"(75, 90]","(4, 6]"
S0508,Female,20,Civil,3,67.8,3.6,5.38,61.4,No,1,6.7,Low,No,10.0,No,3.4,D,37.6,37.793999999999954,At-Risk,"(60, 75]","(2, 4]"
S0509,Female,20,Computer Science,1,61.3,3.1,5.85,57.8,Yes,1,6.9,Medium,Yes,5.8,No,1.6,F,19.3,24.42400000000001,At-Risk,"(60, 75]","(2, 4]"
S0510,Female,21,Electronics,4,76.3,2.4,8.53,79.7,Yes,0,7.9,High,Yes,5.1,Yes,2.7,C,58.6,51.607000000000006,At-Risk,"(75, 90]","(2, 4]"
S0511,Female,22,Electronics,1,83.3,3.9,7.67,71.9,Yes,5,6.2,Low,Yes,6.3,No,6.8,B,66.6,61.943000000000026,Average,"(75, 90]","(2, 4]"
S0512,Male,21,MBA,3,65.7,3.0,6.45,60.0,Yes,3,3.4,Medium,Yes,6.0,No,8.1,D,37.9,36.38400000000004,At-Risk,"(60, 75]","(2, 4]"
S0513,Female,24,Computer Science,3,85.9,6.5,6.96,77.0,No,2,6.0,Medium,Yes,7.5,No,5.8,C,51.9,54.67099999999998,At-Risk,"(75, 90]","(6, 10]"
S0514,Female,17,MBA,2,76.3,3.9,6.44,60.3,Yes,1,7.4,Low,Yes,6.8,Yes,6.8,D,37.0,39.53599999999997,At-Risk,"(75, 90]","(2, 4]"
S0515,Male,18,Computer Science,1,81.7,3.8,7.19,52.7,No,4,6.3,Medium,Yes,6.2,No,7.4,C,50.3,39.72999999999999,At-Risk,"(75, 90]","(2, 4]"
S0516,Male,17,MBA,3,79.0,3.5,7.07,70.5,Yes,1,6.3,Low,Yes,8.2,Yes,15.7,C,45.9,45.20000000000001,At-Risk,"(75, 90]","(2, 4]"
S0517,Male,20,Electrical,2,89.2,7.4,7.3,74.0,No,4,7.1,Low,Yes,6.2,No,2.1,C,54.2,60.46399999999998,Average,"(75, 90]","(6, 10]"
S0518,Female,22,Civil,4,77.3,4.2,9.27,84.4,Yes,1,7.3,Medium,Yes,5.5,Yes,15.7,D,35.3,42.34300000000003,At-Risk,"(75, 90]","(4, 6]"
S0519,Other,19,Civil,2,87.7,4.4,9.63,90.1,Yes,1,4.4,Low,No,6.5,Yes,12.7,B,66.7,63.113999999999926,Average,"(75, 90]","(4, 6]"
S0520,Male,23,Computer Science,4,75.0,5.0,7.47,73.9,Yes,0,6.5,High,Yes,5.0,No,14.5,D,36.6,50.192999999999984,At-Risk,"(60, 75]","(4, 6]"
S0521,Female,18,Mechanical,1,85.3,6.7,9.62,78.2,No,2,6.3,Low,No,7.9,Yes,14.3,C,59.6,60.35500000000005,Average,"(75, 90]","(6, 10]"
S0522,Male,23,BBA,3,68.8,5.1,7.5,62.9,No,1,6.6,Medium,Yes,7.6,No,7.4,C,59.6,52.49800000000002,At-Risk,"(60, 75]","(4, 6]"
S0523,Other,19,Electronics,3,80.1,6.9,7.1,70.9,No,2,4.1,Medium,No,5.1,No,3.4,D,39.7,43.39399999999994,At-Risk,"(75, 90]","(6, 10]"
S0524,Female,18,Electronics,3,79.1,2.2,6.04,59.6,Yes,1,8.1,Low,Yes,3.2,Yes,8.7,D,43.1,34.008999999999986,At-Risk,"(75, 90]","(2, 4]"
S0525,Female,20,Computer Science,1,61.1,4.2,6.82,68.8,Yes,0,6.5,Low,Yes,3.2,No,29.4,F,24.6,28.041999999999977,At-Risk,"(60, 75]","(4, 6]"
S0526,Male,19,MBA,3,79.9,3.4,7.0,74.4,Yes,1,7.0,Medium,Yes,6.4,No,9.9,C,48.4,45.27299999999998,At-Risk,"(75, 90]","(2, 4]"
S0527,Male,19,Mechanical,2,80.7,5.3,6.79,64.3,No,3,8.6,High,Yes,8.0,No,1.1,C,52.4,52.446000000000005,At-Risk,"(75, 90]","(4, 6]"
S0528,Male,19,Electrical,3,77.2,4.4,6.34,60.6,Yes,2,7.0,High,Yes,9.3,No,1.6,C,50.0,50.62999999999998,At-Risk,"(75, 90]","(4, 6]"
S0529,Male,22,MBA,2,69.0,8.400000000000002,7.94,68.1,Yes,1,4.7,Medium,Yes,5.4,No,29.4,C,50.5,52.101000000000006,At-Risk,"(60, 75]","(6, 10]"
S0530,Female,20,MBA,4,76.3,4.1,5.96,49.4,No,2,6.4,Medium,No,4.2,No,1.7,C,46.0,41.25500000000001,At-Risk,"(75, 90]","(4, 6]"
S0531,Female,19,Computer Science,1,74.9,2.1,4.99,54.0,Yes,2,7.3,Medium,Yes,6.0,Yes,1.5,D,39.1,36.86999999999996,At-Risk,"(60, 75]","(2, 4]"
S0532,Other,20,Computer Science,3,69.2,0.7,5.33,49.8,No,5,6.6,Medium,Yes,5.0,Yes,5.4,C,46.9,32.36000000000001,At-Risk,"(60, 75]","(0, 2]"
S0533,Other,21,Electronics,4,63.7,4.4,4.14,41.9,No,2,8.5,Medium,Yes,8.8,Yes,29.4,F,23.3,26.226000000000017,At-Risk,"(60, 75]","(4, 6]"
S0534,Female,19,Computer Science,3,78.6,4.4,5.1,63.6,Yes,0,5.5,Medium,Yes,8.0,No,4.8,B,60.4,55.95799999999996,At-Risk,"(75, 90]","(4, 6]"
S0535,Female,20,Computer Science,2,66.1,3.3,5.08,59.9,Yes,1,8.0,High,Yes,5.5,No,6.3,F,27.5,30.113000000000003,At-Risk,"(60, 75]","(2, 4]"
S0536,Female,18,Computer Science,2,81.7,2.1,5.15,58.5,No,3,7.5,Medium,Yes,8.1,No,11.1,D,30.5,33.652,At-Risk,"(75, 90]","(2, 4]"
S0537,Female,18,Electronics,4,84.9,4.9,6.91,73.3,Yes,1,6.6,High,Yes,4.3,No,1.2,C,46.7,52.57800000000001,At-Risk,"(75, 90]","(4, 6]"
S0538,Male,21,Electrical,1,71.4,3.1,5.75,48.0,Yes,1,6.9,Medium,Yes,4.3,No,23.8,D,37.8,37.05000000000003,At-Risk,"(60, 75]","(2, 4]"
S0539,Male,18,Electrical,2,76.3,2.7,5.77,46.6,No,4,5.3,Low,No,7.7,No,8.3,D,39.2,37.57199999999996,At-Risk,"(75, 90]","(2, 4]"
S0540,Male,20,BBA,3,52.9,2.1,4.37,63.4,Yes,0,6.1,Low,Yes,4.6,Yes,7.3,D,39.3,35.641000000000034,At-Risk,"(0, 60]","(2, 4]"
S0541,Female,21,BBA,3,74.4,4.9,7.3,58.2,Yes,0,7.2,Medium,Yes,8.5,No,20.7,C,49.6,48.782,At-Risk,"(60, 75]","(4, 6]"
S0542,Female,18,Computer Science,1,85.7,4.2,7.52,73.8,No,3,6.3,Medium,Yes,6.0,Yes,29.4,B,61.8,49.971,At-Risk,"(75, 90]","(4, 6]"
S0543,Male,20,BBA,3,81.1,4.4,7.28,70.7,Yes,1,6.6,High,Yes,5.7,No,6.5,C,52.5,46.35699999999999,At-Risk,"(75, 90]","(4, 6]"
S0544,Female,19,Electronics,3,81.8,3.5,7.26,55.8,No,0,7.7,Low,No,7.1,Yes,2.9,C,54.1,50.92200000000002,At-Risk,"(75, 90]","(2, 4]"
S0545,Female,24,Electrical,1,72.2,4.2,7.12,75.2,Yes,1,4.2,High,Yes,6.2,No,17.9,D,43.9,41.861,At-Risk,"(60, 75]","(4, 6]"
S0546,Male,20,MBA,4,76.3,4.3,4.54,56.4,Yes,0,6.9,High,Yes,3.7,No,6.2,D,32.3,35.43500000000004,At-Risk,"(75, 90]","(4, 6]"
S0547,Male,22,Electrical,1,67.1,4.1,7.14,67.8,Yes,0,8.6,Low,Yes,8.2,No,28.4,C,52.0,46.83599999999999,At-Risk,"(60, 75]","(4, 6]"
S0548,Female,20,Electrical,2,71.4,4.9,7.42,70.3,Yes,2,6.0,High,Yes,4.5,No,29.4,C,46.8,45.75800000000007,At-Risk,"(60, 75]","(4, 6]"
S0549,Female,17,Electronics,1,86.9,4.1,8.62,58.8,Yes,2,5.0,High,Yes,3.1,Yes,2.2,C,55.0,47.86400000000001,At-Risk,"(75, 90]","(4, 6]"
S0550,Female,20,BBA,1,72.9,8.400000000000002,8.01,77.6,Yes,0,6.0,Medium,Yes,7.3,No,29.4,C,54.9,53.285,At-Risk,"(60, 75]","(6, 10]"
S0551,Female,24,MBA,4,82.7,4.8,8.91,82.4,Yes,1,4.7,Medium,Yes,4.7,No,5.6,B,63.1,59.194000000000045,At-Risk,"(75, 90]","(4, 6]"
S0552,Female,20,Electronics,2,64.8,3.3,5.2,57.9,Yes,5,6.8,High,Yes,6.0,No,11.4,D,37.3,32.42100000000002,At-Risk,"(60, 75]","(2, 4]"
S0553,Female,22,Computer Science,2,69.7,1.8,4.84,54.5,No,1,6.4,Medium,No,7.8,No,1.4,F,24.3,28.022000000000006,At-Risk,"(60, 75]","(0, 2]"
S0554,Female,22,Civil,1,63.8,1.8,4.61,49.9,Yes,2,6.9,Low,Yes,4.1,Yes,23.0,F,29.0,28.640999999999995,At-Risk,"(60, 75]","(0, 2]"
S0555,Female,19,Electrical,3,84.7,7.4,7.55,62.6,No,1,6.3,High,Yes,7.7,No,11.3,B,71.5,66.32999999999997,Average,"(75, 90]","(6, 10]"
S0556,Male,19,Civil,3,78.1,3.2,5.93,60.2,Yes,2,6.7,Medium,Yes,5.1,No,11.3,C,46.4,44.79800000000004,At-Risk,"(75, 90]","(2, 4]"
S0557,Male,20,Electronics,2,79.0,5.3,7.77,73.6,Yes,0,7.0,Medium,Yes,7.2,No,24.2,C,58.2,55.343999999999916,At-Risk,"(75, 90]","(4, 6]"
S0558,Male,20,Electronics,2,77.4,2.8,6.28,65.5,Yes,2,5.1,Low,Yes,5.9,Yes,8.1,D,42.1,42.08200000000001,At-Risk,"(75, 90]","(2, 4]"
S0559,Female,22,Electronics,4,92.3,6.0,8.19,76.8,Yes,2,6.9,Medium,Yes,8.7,Yes,6.3,B,64.8,59.65,At-Risk,"(90, 100]","(4, 6]"
S0560,Female,23,Civil,2,74.1,5.8,6.83,49.4,No,2,8.2,Low,No,9.0,No,21.1,D,41.8,43.922000000000054,At-Risk,"(60, 75]","(4, 6]"
S0561,Female,19,Electronics,2,78.2,3.5,6.46,60.3,No,1,5.3,High,Yes,5.7,No,14.6,D,43.9,43.61200000000001,At-Risk,"(75, 90]","(2, 4]"
S0562,Male,19,Computer Science,1,77.1,4.4,7.52,72.1,Yes,2,6.9,Low,Yes,6.0,No,29.4,C,50.3,50.58400000000007,At-Risk,"(75, 90]","(4, 6]"
S0563,Male,21,Electronics,3,67.9,4.4,6.85,66.8,Yes,0,8.1,Low,No,4.5,No,29.2,F,24.0,30.631000000000004,At-Risk,"(60, 75]","(4, 6]"
S0564,Male,19,Mechanical,2,82.6,6.8,6.68,63.3,No,3,5.1,Medium,Yes,7.6,No,5.8,D,44.6,48.75800000000001,At-Risk,"(75, 90]","(6, 10]"
S0565,Male,22,BBA,2,70.1,4.6,5.84,48.7,No,2,7.5,Low,No,8.1,Yes,6.9,D,31.1,34.24299999999996,At-Risk,"(60, 75]","(4, 6]"
S0566,Female,20,Civil,1,74.4,6.9,6.68,63.9,Yes,1,6.2,Medium,Yes,6.0,No,4.0,B,60.5,56.969000000000015,At-Risk,"(60, 75]","(6, 10]"
S0567,Male,21,Mechanical,4,76.3,3.2,6.17,56.2,Yes,4,7.7,High,Yes,8.6,No,11.8,D,38.5,39.876999999999995,At-Risk,"(75, 90]","(2, 4]"
S0568,Male,18,Electronics,1,73.0,2.3,6.46,56.1,No,2,5.5,High,Yes,1.4,Yes,5.5,D,36.4,36.15000000000004,At-Risk,"(60, 75]","(2, 4]"
S0569,Female,20,Computer Science,3,63.8,5.2,6.27,58.1,No,3,6.5,Low,No,3.9,No,16.4,C,51.2,44.75899999999996,At-Risk,"(60, 75]","(4, 6]"
S0570,Male,20,Electrical,2,82.2,4.4,9.38,70.6,No,1,4.7,Low,No,8.2,Yes,2.3,C,52.2,51.21399999999995,At-Risk,"(75, 90]","(4, 6]"
S0571,Female,20,MBA,1,75.9,4.4,6.45,69.7,Yes,3,7.0,High,Yes,6.8,No,2.2,C,51.2,49.453999999999944,At-Risk,"(75, 90]","(4, 6]"
S0572,Female,18,BBA,3,90.3,4.5,8.15,68.5,Yes,1,7.0,High,Yes,8.7,No,3.3,C,47.2,48.95599999999997,At-Risk,"(90, 100]","(4, 6]"
S0573,Male,21,MBA,2,66.1,2.7,4.97,65.4,Yes,2,7.1,Medium,Yes,5.2,Yes,1.9,D,33.4,32.75500000000004,At-Risk,"(60, 75]","(2, 4]"
S0574,Female,22,Electronics,4,81.4,4.5,6.17,72.3,Yes,1,7.1,Medium,Yes,6.5,No,10.7,D,39.6,43.31199999999996,At-Risk,"(75, 90]","(4, 6]"
S0575,Female,19,BBA,4,88.2,4.6,8.3,80.5,No,1,6.4,Low,No,8.3,Yes,2.6,D,42.0,45.836999999999996,At-Risk,"(75, 90]","(4, 6]"
S0576,Female,18,BBA,4,64.2,3.9,5.57,60.5,Yes,1,4.7,High,Yes,5.5,No,2.7,D,36.3,35.22200000000003,At-Risk,"(60, 75]","(2, 4]"
S0577,Male,17,Computer Science,1,74.3,1.2,6.15,52.2,No,2,7.7,Medium,Yes,7.4,Yes,1.1,D,36.2,34.25599999999999,At-Risk,"(60, 75]","(0, 2]"
S0578,Female,20,BBA,3,81.6,3.3,7.57,71.1,Yes,2,6.5,Low,Yes,5.2,Yes,16.2,D,39.4,42.762000000000036,At-Risk,"(75, 90]","(2, 4]"
S0579,Female,20,Civil,2,73.9,5.6,8.77,81.2,Yes,2,7.0,Low,Yes,6.0,Yes,17.7,D,39.6,48.88300000000001,At-Risk,"(60, 75]","(4, 6]"
S0580,Male,20,Mechanical,4,72.8,5.9,5.75,68.8,Yes,1,6.3,High,Yes,6.2,No,2.8,D,42.1,43.26499999999998,At-Risk,"(60, 75]","(4, 6]"
S0581,Male,19,Mechanical,3,58.7,2.0,5.53,70.1,Yes,1,8.9,Low,Yes,2.9,Yes,14.5,F,21.7,23.145000000000014,At-Risk,"(0, 60]","(0, 2]"
S0582,Other,19,Mechanical,4,73.6,4.8,6.85,73.8,Yes,1,5.8,Low,Yes,6.7,No,6.7,C,53.2,49.80399999999993,At-Risk,"(60, 75]","(4, 6]"
S0583,Female,20,Civil,2,90.7,5.8,10.0,66.8,Yes,2,5.8,Medium,Yes,4.8,No,3.7,B,60.7,60.583999999999925,Average,"(90, 100]","(4, 6]"
S0584,Male,20,MBA,2,78.2,3.5,5.34,59.2,Yes,0,4.6,Low,No,6.0,No,10.7,C,57.1,51.891000000000005,At-Risk,"(75, 90]","(2, 4]"
S0585,Female,25,Computer Science,1,75.3,6.5,7.93,91.4,Yes,2,6.6,Low,Yes,4.4,No,3.0,C,47.7,49.63299999999997,At-Risk,"(75, 90]","(6, 10]"
S0586,Male,18,BBA,3,82.3,8.400000000000002,6.82,60.7,Yes,1,8.7,High,Yes,6.5,No,15.1,C,58.0,55.46200000000001,At-Risk,"(75, 90]","(6, 10]"
S0587,Male,21,Civil,2,81.3,3.6,5.83,59.4,Yes,1,6.7,High,Yes,10.0,No,1.5,C,51.0,48.187,At-Risk,"(75, 90]","(2, 4]"
S0588,Male,20,Mechanical,2,79.5,4.3,6.38,72.8,Yes,0,6.8,High,Yes,7.1,No,29.4,D,35.5,38.601,At-Risk,"(75, 90]","(4, 6]"
S0589,Male,20,Electronics,3,67.5,1.7,5.81,53.9,Yes,2,7.7,High,Yes,5.5,No,1.7,F,12.8,20.206999999999983,At-Risk,"(60, 75]","(0, 2]"
S0590,Male,21,Electrical,3,79.6,3.0,7.18,70.1,Yes,1,6.7,Medium,No,5.3,Yes,9.7,C,47.5,46.382,At-Risk,"(75, 90]","(2, 4]"
S0591,Male,21,BBA,1,92.0,5.3,7.43,62.2,No,1,7.9,High,No,5.1,No,24.2,B,71.3,65.04200000000004,Average,"(90, 100]","(4, 6]"
S0592,Female,25,Civil,3,72.2,3.4,6.96,43.6,No,1,8.1,Medium,Yes,7.8,No,1.1,D,40.1,39.19399999999995,At-Risk,"(60, 75]","(2, 4]"
S0593,Male,18,Civil,2,75.7,3.3,7.92,73.3,Yes,2,5.8,Medium,No,3.6,Yes,7.9,C,57.4,52.378,At-Risk,"(75, 90]","(2, 4]"
S0594,Male,18,Computer Science,2,76.7,4.4,6.02,71.9,Yes,2,4.8,High,Yes,8.4,Yes,5.3,C,54.7,46.429,At-Risk,"(75, 90]","(4, 6]"
S0595,Female,21,Computer Science,1,74.3,8.400000000000002,6.3,47.1,No,1,7.3,Low,No,7.3,Yes,9.7,C,48.7,48.61000000000003,At-Risk,"(60, 75]","(6, 10]"
S0596,Male,20,Civil,1,76.4,3.8,5.3,64.1,Yes,1,6.9,Medium,Yes,6.7,No,3.6,C,49.9,47.51000000000001,At-Risk,"(75, 90]","(2, 4]"
S0597,Female,19,Mechanical,1,83.6,6.2,7.91,74.8,No,3,5.2,Medium,Yes,7.5,No,1.7,B,61.2,52.808,At-Risk,"(75, 90]","(6, 10]"
S0598,Male,18,Electrical,3,63.7,3.2,5.27,56.5,Yes,1,5.7,Low,Yes,7.7,No,10.8,F,15.2,22.061000000000014,At-Risk,"(60, 75]","(2, 4]"
S0599,Male,18,BBA,1,67.1,4.9,4.88,46.3,No,2,5.7,Low,No,4.6,No,6.4,D,40.4,37.83299999999999,At-Risk,"(60, 75]","(4, 6]"
S0600,Male,22,Computer Science,2,69.6,1.9,6.1,62.0,No,2,6.7,High,Yes,5.2,Yes,10.7,D,33.5,31.47400000000001,At-Risk,"(60, 75]","(0, 2]"
S0601,Male,18,BBA,4,66.8,4.7,6.02,59.2,Yes,1,7.7,High,Yes,6.5,No,3.4,C,46.8,42.90300000000005,At-Risk,"(60, 75]","(4, 6]"
S0602,Male,19,Mechanical,1,92.1,3.4,7.03,78.0,Yes,1,7.8,Medium,Yes,10.0,No,5.1,C,55.8,55.49800000000005,At-Risk,"(90, 100]","(2, 4]"
S0603,Male,19,BBA,2,69.3,4.4,7.1,68.1,Yes,1,7.4,Low,Yes,3.2,No,9.2,F,26.1,32.05499999999996,At-Risk,"(60, 75]","(4, 6]"
S0604,Male,19,Electronics,3,76.2,5.0,6.66,69.7,Yes,1,6.1,Low,Yes,4.8,No,10.0,C,51.1,49.53100000000002,At-Risk,"(75, 90]","(4, 6]"
S0605,Male,18,Computer Science,4,55.1,3.0,5.33,68.8,Yes,3,9.2,High,Yes,7.2,No,5.7,F,17.0,29.518000000000015,At-Risk,"(0, 60]","(2, 4]"
S0606,Male,20,Mechanical,3,78.7,3.6,6.63,68.3,No,1,6.5,Medium,No,6.0,No,4.3,C,50.0,43.735,At-Risk,"(75, 90]","(2, 4]"
S0607,Male,18,Mechanical,3,62.6,0.399999999999999,4.42,61.1,Yes,2,6.0,Low,Yes,5.2,Yes,4.2,F,22.8,24.796000000000014,At-Risk,"(60, 75]","(0, 2]"
S0608,Male,22,Electrical,3,69.3,2.5,6.43,66.2,Yes,0,4.9,Medium,Yes,4.9,Yes,2.9,F,23.4,27.815000000000037,At-Risk,"(60, 75]","(2, 4]"
S0609,Female,19,Electrical,2,77.1,5.5,7.24,60.3,No,1,6.1,Low,Yes,5.5,No,4.9,D,36.1,40.393999999999956,At-Risk,"(75, 90]","(4, 6]"
S0610,Female,20,Electronics,3,71.5,3.3,5.64,67.0,Yes,2,7.0,Medium,Yes,6.9,Yes,3.2,D,34.6,34.97799999999996,At-Risk,"(60, 75]","(2, 4]"
S0611,Male,22,Mechanical,1,82.9,4.9,8.05,75.3,Yes,0,4.6,High,Yes,6.6,No,11.0,C,47.0,52.032999999999994,At-Risk,"(75, 90]","(4, 6]"
S0612,Female,21,MBA,4,78.1,4.7,6.67,52.7,Yes,3,5.4,Medium,Yes,8.2,Yes,9.4,D,43.5,46.23899999999999,At-Risk,"(75, 90]","(4, 6]"
S0613,Female,20,Mechanical,2,80.2,6.4,8.35,82.2,Yes,3,5.9,Medium,Yes,9.0,No,5.8,C,50.2,52.52899999999994,At-Risk,"(75, 90]","(6, 10]"
S0614,Male,19,Electrical,2,81.0,3.1,7.03,86.2,Yes,0,5.6,Medium,Yes,6.3,No,4.9,D,32.0,35.61599999999999,At-Risk,"(75, 90]","(2, 4]"
S0615,Female,19,MBA,1,60.2,4.2,6.05,67.0,No,4,5.5,Medium,Yes,4.9,No,3.7,D,35.5,33.23000000000001,At-Risk,"(60, 75]","(4, 6]"
S0616,Female,21,Computer Science,3,76.5,4.4,8.11,74.5,Yes,1,7.8,Medium,Yes,5.7,Yes,8.7,C,57.2,55.32599999999994,At-Risk,"(75, 90]","(4, 6]"
S0617,Male,25,Computer Science,1,73.2,5.5,8.36,81.6,Yes,1,4.5,Low,Yes,2.6,Yes,26.1,C,45.9,46.45500000000002,At-Risk,"(60, 75]","(4, 6]"
S0618,Male,21,BBA,4,73.2,4.4,6.4,60.5,Yes,2,6.7,Medium,Yes,7.5,No,12.6,D,44.6,43.39199999999997,At-Risk,"(60, 75]","(4, 6]"
S0619,Female,20,Civil,3,84.8,3.5,8.24,65.3,No,1,7.1,Low,No,6.4,Yes,14.6,D,37.0,50.15500000000003,At-Risk,"(75, 90]","(2, 4]"
S0620,Female,21,Electrical,1,78.1,5.9,7.1,68.1,Yes,1,5.9,High,Yes,5.8,Yes,19.0,C,55.8,53.21900000000007,At-Risk,"(75, 90]","(4, 6]"
S0621,Male,20,Civil,3,78.8,2.4,6.43,50.4,No,3,6.2,Medium,Yes,6.4,No,5.3,C,45.9,43.85400000000002,At-Risk,"(75, 90]","(2, 4]"
S0622,Male,18,MBA,3,79.2,4.6,6.62,76.7,Yes,0,6.5,High,Yes,4.5,No,1.6,B,61.6,46.81400000000001,At-Risk,"(75, 90]","(4, 6]"
S0623,Male,20,Electrical,3,73.9,3.8,8.11,66.0,No,3,7.3,Low,No,5.0,Yes,10.7,D,42.9,42.90600000000002,At-Risk,"(60, 75]","(2, 4]"
S0624,Female,24,Electronics,2,68.4,2.2,6.2,59.7,No,1,8.3,Medium,Yes,5.7,Yes,3.1,D,39.8,37.19200000000004,At-Risk,"(60, 75]","(2, 4]"
S0625,Female,18,Mechanical,1,84.1,4.1,6.96,85.2,Yes,0,5.0,Medium,Yes,6.7,No,9.4,D,39.1,43.706999999999965,At-Risk,"(75, 90]","(4, 6]"
S0626,Male,21,Electronics,1,69.8,3.3,4.18,66.8,No,0,5.4,Medium,No,5.7,No,14.5,F,26.4,32.678000000000004,At-Risk,"(60, 75]","(2, 4]"
S0627,Male,19,MBA,2,72.7,5.1,8.07,68.2,Yes,2,5.5,Low,Yes,2.6,No,16.3,D,35.7,38.416999999999966,At-Risk,"(60, 75]","(4, 6]"
S0628,Female,20,Electrical,4,71.2,3.5,4.63,61.7,Yes,2,6.5,Medium,No,4.0,No,4.6,D,36.3,36.583000000000055,At-Risk,"(60, 75]","(2, 4]"
S0629,Male,18,MBA,1,74.4,5.9,6.62,66.5,Yes,1,6.0,Medium,Yes,5.3,No,8.2,C,46.8,50.18700000000002,At-Risk,"(60, 75]","(4, 6]"
S0630,Male,20,Mechanical,3,61.2,2.0,4.66,47.9,No,3,7.3,Low,No,6.4,Yes,10.7,D,34.9,31.525000000000045,At-Risk,"(60, 75]","(0, 2]"
S0631,Female,21,Computer Science,2,62.4,3.0,5.34,44.8,No,0,5.7,Low,No,6.7,No,18.1,C,50.4,28.049000000000024,At-Risk,"(60, 75]","(2, 4]"
S0632,Female,19,Computer Science,2,82.9,5.2,6.95,66.8,Yes,2,5.4,Medium,Yes,5.9,No,15.3,C,52.0,52.77699999999998,At-Risk,"(75, 90]","(4, 6]"
S0633,Female,21,MBA,3,64.4,4.5,7.04,66.6,Yes,3,5.6,Medium,Yes,5.1,No,29.4,C,46.5,43.09700000000001,At-Risk,"(60, 75]","(4, 6]"
S0634,Female,21,Civil,4,78.6,5.7,8.14,82.3,Yes,2,6.6,Low,Yes,5.1,No,1.1,D,39.8,42.94500000000006,At-Risk,"(75, 90]","(4, 6]"
S0635,Male,23,Electrical,2,80.9,3.7,6.6,66.3,Yes,1,7.7,Low,Yes,6.9,Yes,6.8,D,44.4,45.422000000000004,At-Risk,"(75, 90]","(2, 4]"
S0636,Male,19,Electrical,2,75.4,4.9,8.61,87.4,Yes,1,6.4,Low,Yes,6.6,No,4.0,C,53.4,52.93799999999998,At-Risk,"(75, 90]","(4, 6]"
S0637,Female,19,Computer Science,2,73.0,5.5,7.62,69.5,Yes,3,5.8,Medium,Yes,5.2,No,2.3,C,49.3,48.66800000000005,At-Risk,"(60, 75]","(4, 6]"
S0638,Male,18,BBA,1,72.9,5.2,7.52,76.0,Yes,1,5.3,Medium,Yes,3.9,No,25.2,B,60.0,52.979999999999976,At-Risk,"(60, 75]","(4, 6]"
S0639,Male,25,Electronics,1,65.0,3.3,6.05,61.4,Yes,2,8.3,High,Yes,7.1,No,29.4,D,30.0,30.845999999999993,At-Risk,"(60, 75]","(2, 4]"
S0640,Male,23,BBA,2,71.0,4.5,7.44,63.3,Yes,1,4.4,High,Yes,4.6,No,3.0,C,48.1,45.560999999999986,At-Risk,"(60, 75]","(4, 6]"
S0641,Male,20,Mechanical,2,79.1,4.7,7.26,64.8,No,1,6.3,Medium,Yes,6.0,No,1.4,F,26.3,34.164000000000044,At-Risk,"(75, 90]","(4, 6]"
S0642,Male,22,Electronics,3,84.3,4.5,6.39,58.5,Yes,2,7.4,Low,Yes,10.0,No,4.2,C,56.5,52.968999999999994,At-Risk,"(75, 90]","(4, 6]"
S0643,Male,20,Electronics,2,72.5,5.0,7.73,64.6,No,2,6.3,Low,No,3.4,No,19.0,D,43.4,41.825000000000024,At-Risk,"(60, 75]","(4, 6]"
S0644,Male,20,MBA,2,78.1,5.1,7.21,53.5,No,0,5.8,Low,No,7.1,Yes,4.5,C,47.1,47.26099999999999,At-Risk,"(75, 90]","(4, 6]"
S0645,Male,18,Computer Science,2,83.1,3.5,6.96,65.4,Yes,1,7.1,High,Yes,8.1,No,1.6,C,50.2,49.73099999999993,At-Risk,"(75, 90]","(2, 4]"
S0646,Female,21,BBA,3,92.9,6.2,7.83,77.2,Yes,1,5.2,Medium,Yes,7.8,No,1.5,C,56.7,58.20199999999993,At-Risk,"(90, 100]","(6, 10]"
S0647,Female,18,BBA,4,76.3,3.7,4.1,53.1,Yes,0,4.4,Low,Yes,5.0,No,6.6,F,23.1,25.192999999999966,At-Risk,"(75, 90]","(2, 4]"
S0648,Female,22,Computer Science,2,54.4,4.7,4.55,44.6,Yes,2,6.9,Medium,Yes,3.2,No,27.9,F,22.6,24.56699999999996,At-Risk,"(0, 60]","(4, 6]"
S0649,Female,21,BBA,3,66.8,3.1,5.98,65.1,Yes,0,5.3,Medium,Yes,6.1,No,4.4,F,27.8,30.59200000000003,At-Risk,"(60, 75]","(2, 4]"
S0650,Female,21,Computer Science,1,84.1,6.2,6.96,76.9,Yes,2,6.7,Medium,Yes,8.3,No,6.6,C,49.3,53.95299999999998,At-Risk,"(75, 90]","(6, 10]"
S0651,Male,17,MBA,2,70.4,2.8,6.41,57.3,Yes,1,6.4,Low,Yes,3.1,Yes,2.1,F,29.6,32.51899999999996,At-Risk,"(60, 75]","(2, 4]"
S0652,Female,19,Civil,2,61.3,4.6,6.65,66.2,Yes,0,6.8,High,Yes,4.2,No,7.8,D,31.4,31.26200000000004,At-Risk,"(60, 75]","(4, 6]"
S0653,Female,19,Electronics,2,78.4,4.2,6.63,62.6,No,3,6.2,Medium,Yes,6.9,No,12.9,D,40.4,42.64000000000003,At-Risk,"(75, 90]","(4, 6]"
S0654,Female,19,MBA,3,77.8,3.3,7.23,70.4,Yes,0,7.2,Low,Yes,5.6,Yes,4.2,D,43.1,44.05799999999997,At-Risk,"(75, 90]","(2, 4]"
S0655,Male,18,Electrical,4,85.7,3.9,6.49,68.9,Yes,1,5.7,High,Yes,8.8,No,4.5,D,34.1,40.30099999999995,At-Risk,"(75, 90]","(2, 4]"
S0656,Male,23,Mechanical,1,70.7,3.3,6.96,71.9,Yes,1,7.4,Low,Yes,8.5,No,19.5,D,34.3,39.068000000000005,At-Risk,"(60, 75]","(2, 4]"
S0657,Male,20,Civil,3,82.6,4.9,7.23,61.1,No,1,5.0,High,Yes,4.5,No,1.1,D,39.5,46.395,At-Risk,"(75, 90]","(4, 6]"
S0658,Male,19,Electrical,3,87.9,8.2,7.41,72.9,Yes,2,7.9,High,Yes,6.3,No,11.1,B,60.6,60.36100000000005,Average,"(75, 90]","(6, 10]"
S0659,Female,19,Electronics,1,67.1,2.8,5.21,74.9,Yes,0,9.0,Medium,Yes,5.6,Yes,6.0,F,27.5,31.141,At-Risk,"(60, 75]","(2, 4]"
S0660,Female,20,BBA,1,85.3,4.5,6.96,81.4,Yes,1,6.6,Medium,Yes,4.9,Yes,4.5,C,48.6,49.186000000000014,At-Risk,"(75, 90]","(4, 6]"
S0661,Male,20,Computer Science,2,75.1,4.0,5.97,60.0,No,2,8.4,Low,No,7.8,No,11.7,C,49.3,47.19900000000005,At-Risk,"(75, 90]","(2, 4]"
S0662,Other,20,Electronics,1,73.3,4.8,5.5,63.7,Yes,3,8.7,High,Yes,7.7,No,19.0,D,37.4,40.45600000000003,At-Risk,"(60, 75]","(4, 6]"
S0663,Female,23,MBA,1,74.0,3.2,6.76,59.8,Yes,0,6.1,Medium,Yes,3.0,Yes,9.2,D,34.0,36.233999999999995,At-Risk,"(60, 75]","(2, 4]"
S0664,Male,20,Mechanical,1,76.5,4.8,6.72,60.7,No,1,6.6,Medium,No,7.4,No,1.3,D,44.5,45.83999999999999,At-Risk,"(75, 90]","(4, 6]"
S0665,Male,25,MBA,2,55.5,0.399999999999999,4.0,59.9,Yes,1,5.5,High,Yes,4.5,Yes,7.2,F,11.8,20.00599999999999,At-Risk,"(0, 60]","(0, 2]"
S0666,Male,22,Civil,3,70.9,4.7,8.13,63.5,Yes,1,5.6,High,Yes,4.1,No,7.2,F,21.3,30.90700000000002,At-Risk,"(60, 75]","(4, 6]"
S0667,Male,19,Civil,2,84.0,3.0,6.96,83.9,Yes,1,6.8,High,Yes,5.0,No,8.8,C,48.7,46.44899999999995,At-Risk,"(75, 90]","(2, 4]"
S0668,Male,23,Mechanical,4,81.5,2.6,8.29,75.6,No,2,4.5,Low,No,6.8,Yes,12.1,C,58.5,52.236,At-Risk,"(75, 90]","(2, 4]"
S0669,Male,18,Electrical,2,79.5,4.4,7.32,62.0,Yes,3,7.5,High,Yes,7.6,No,1.2,C,48.9,48.28499999999998,At-Risk,"(75, 90]","(4, 6]"
S0670,Male,22,Electrical,3,78.2,3.6,6.96,50.7,No,1,6.7,Medium,Yes,5.5,Yes,8.0,C,52.6,50.41600000000001,At-Risk,"(75, 90]","(2, 4]"
S0671,Male,19,Civil,4,71.0,7.2,8.06,67.2,Yes,0,7.3,High,Yes,5.2,No,9.9,C,58.7,52.705999999999946,At-Risk,"(60, 75]","(6, 10]"
S0672,Female,22,Civil,3,88.4,4.4,9.66,81.5,Yes,1,6.3,Medium,Yes,6.0,No,5.2,C,53.0,54.62499999999999,At-Risk,"(75, 90]","(4, 6]"
S0673,Male,22,BBA,2,89.7,5.5,6.86,63.1,Yes,0,7.3,Low,No,9.1,No,12.0,B,66.7,63.76099999999991,Average,"(75, 90]","(4, 6]"
S0674,Female,22,Computer Science,3,70.7,3.2,6.33,77.1,Yes,1,6.8,Medium,Yes,1.8,Yes,3.6,D,40.8,38.98300000000004,At-Risk,"(60, 75]","(2, 4]"
S0675,Male,21,BBA,1,74.8,7.0,8.96,71.8,Yes,1,7.1,Medium,Yes,6.6,No,4.8,C,52.8,53.78500000000005,At-Risk,"(60, 75]","(6, 10]"
S0676,Other,19,BBA,2,69.3,2.4,6.09,54.7,Yes,3,7.6,Medium,Yes,7.6,Yes,29.4,F,25.7,27.070999999999998,At-Risk,"(60, 75]","(2, 4]"
S0677,Male,18,Electrical,2,79.5,3.7,7.47,81.1,Yes,1,5.0,Low,Yes,5.3,Yes,5.3,F,28.5,33.098,At-Risk,"(75, 90]","(2, 4]"
S0678,Male,20,Mechanical,2,86.8,5.7,9.95,87.4,Yes,3,5.7,Medium,Yes,6.0,No,5.3,C,46.1,51.464000000000034,At-Risk,"(75, 90]","(4, 6]"
S0679,Other,18,Electrical,1,83.1,5.6,7.15,76.6,Yes,0,9.3,Low,Yes,8.0,No,10.1,B,64.3,60.85900000000006,Average,"(75, 90]","(4, 6]"
S0680,Female,21,Computer Science,4,74.9,5.7,7.68,79.4,Yes,1,6.7,High,Yes,3.7,No,29.4,B,62.2,56.95699999999995,At-Risk,"(60, 75]","(4, 6]"
S0681,Female,19,MBA,3,62.7,4.2,7.18,49.2,No,1,4.4,Medium,Yes,4.2,No,29.4,D,41.1,39.28699999999997,At-Risk,"(60, 75]","(4, 6]"
S0682,Male,24,Civil,2,71.8,3.5,7.41,80.3,Yes,3,4.4,Low,No,3.6,Yes,9.7,D,42.1,41.26099999999997,At-Risk,"(60, 75]","(2, 4]"
S0683,Male,20,Civil,4,84.8,3.2,8.55,76.0,No,0,6.4,Low,No,7.8,Yes,1.0,C,57.6,53.10000000000001,At-Risk,"(75, 90]","(2, 4]"
S0684,Female,22,Computer Science,2,64.0,3.9,6.96,62.5,Yes,2,5.9,Low,Yes,2.8,No,24.1,D,43.9,37.68400000000004,At-Risk,"(60, 75]","(2, 4]"
S0685,Female,18,BBA,4,65.5,5.0,6.79,64.5,Yes,3,5.5,Medium,Yes,6.0,No,9.4,D,38.1,38.81699999999997,At-Risk,"(60, 75]","(4, 6]"
S0686,Female,22,Mechanical,2,90.7,3.7,6.88,66.8,No,3,8.7,Low,No,7.0,Yes,5.6,B,66.2,59.86399999999994,At-Risk,"(90, 100]","(2, 4]"
S0687,Female,23,Civil,1,61.6,3.5,6.9,60.3,No,1,6.1,Low,No,5.2,Yes,18.7,F,27.4,28.716000000000037,At-Risk,"(60, 75]","(2, 4]"
S0688,Male,20,Electronics,3,66.9,3.2,6.18,66.8,Yes,3,7.5,High,Yes,6.5,No,6.1,C,47.2,41.187999999999974,At-Risk,"(60, 75]","(2, 4]"
S0689,Female,20,BBA,3,87.2,8.1,7.82,75.7,Yes,1,6.8,High,Yes,5.8,No,1.3,C,52.4,55.76299999999996,At-Risk,"(75, 90]","(6, 10]"
S0690,Male,21,Civil,3,75.5,6.0,7.57,62.3,No,0,6.1,Medium,Yes,3.9,No,18.2,C,56.6,54.54200000000004,At-Risk,"(75, 90]","(4, 6]"
S0691,Male,18,Electronics,4,72.8,4.8,6.46,71.2,Yes,1,5.1,High,Yes,6.0,No,8.9,D,38.0,40.08999999999999,At-Risk,"(60, 75]","(4, 6]"
S0692,Male,20,Computer Science,3,88.1,0.399999999999999,8.21,64.4,Yes,0,7.4,Low,Yes,7.7,No,5.1,C,56.1,52.91900000000006,At-Risk,"(75, 90]","(0, 2]"
S0693,Female,19,Computer Science,3,89.0,4.9,8.11,78.6,Yes,2,3.7,Medium,Yes,7.2,Yes,3.9,B,60.3,59.38900000000007,At-Risk,"(75, 90]","(4, 6]"
S0694,Male,18,BBA,4,88.2,5.8,7.81,75.6,No,1,7.5,Medium,No,10.0,No,10.0,C,49.5,52.94999999999999,At-Risk,"(75, 90]","(4, 6]"
S0695,Male,19,Civil,3,75.7,4.8,7.67,59.1,Yes,1,6.7,Medium,Yes,5.3,No,3.3,C,52.2,46.69499999999999,At-Risk,"(75, 90]","(4, 6]"
S0696,Female,18,Electrical,2,58.2,6.1,5.24,61.8,No,2,7.2,Medium,No,5.0,No,4.9,F,26.0,29.869999999999994,At-Risk,"(0, 60]","(6, 10]"
S0697,Male,17,Electronics,4,71.2,3.0,5.21,65.0,Yes,1,6.5,Medium,Yes,6.5,No,11.1,C,49.1,42.187999999999974,At-Risk,"(60, 75]","(2, 4]"
S0698,Female,18,Mechanical,1,75.1,6.7,8.38,63.0,No,2,5.0,Medium,No,5.6,No,22.3,C,47.5,49.532999999999994,At-Risk,"(75, 90]","(6, 10]"
S0699,Male,24,Civil,3,92.1,3.0,6.96,72.9,No,1,7.0,Medium,No,6.2,Yes,8.6,D,43.3,46.70500000000005,At-Risk,"(90, 100]","(2, 4]"
S0700,Female,20,Mechanical,4,72.0,6.0,6.96,85.9,Yes,3,7.5,Low,Yes,4.4,No,15.2,D,39.3,41.90700000000005,At-Risk,"(60, 75]","(4, 6]"
S0701,Female,24,Civil,3,84.3,7.7,9.37,66.8,No,1,5.9,Low,Yes,6.0,No,15.4,A,89.9,79.95999999999992,Average,"(75, 90]","(6, 10]"
S0702,Male,20,Electrical,3,75.6,2.0,4.35,44.8,Yes,0,7.3,Low,Yes,7.3,Yes,11.9,C,50.8,42.62500000000006,At-Risk,"(75, 90]","(0, 2]"
S0703,Male,19,Electrical,3,83.3,6.1,6.33,68.2,Yes,4,6.9,Low,Yes,7.6,No,3.8,C,50.8,51.93600000000008,At-Risk,"(75, 90]","(6, 10]"
S0704,Male,20,BBA,2,79.7,5.6,8.2,61.7,No,1,7.0,Medium,No,6.4,No,21.2,C,51.3,50.713000000000065,At-Risk,"(75, 90]","(4, 6]"
S0705,Male,20,BBA,4,76.3,1.4,5.89,66.8,Yes,0,5.5,Low,No,3.5,Yes,6.7,C,49.0,42.334,At-Risk,"(75, 90]","(0, 2]"
S0706,Other,18,Electrical,1,67.6,3.2,6.37,57.8,Yes,4,8.0,High,Yes,5.6,Yes,1.5,F,27.5,33.137000000000015,At-Risk,"(60, 75]","(2, 4]"
S0707,Male,20,MBA,1,81.1,3.9,4.62,56.6,No,0,6.9,Low,No,6.7,Yes,3.8,C,48.9,45.946000000000005,At-Risk,"(75, 90]","(2, 4]"
S0708,Female,19,Electrical,1,85.1,4.8,7.23,64.9,No,2,7.5,Low,No,9.8,No,15.5,C,59.1,57.25000000000004,At-Risk,"(75, 90]","(4, 6]"
S0709,Male,20,Computer Science,2,66.2,4.3,5.99,55.3,Yes,2,6.0,Medium,Yes,7.8,No,1.7,D,40.1,38.37399999999997,At-Risk,"(60, 75]","(4, 6]"
S0710,Female,21,Computer Science,2,84.5,3.9,9.27,75.3,Yes,0,7.7,Low,Yes,7.7,Yes,2.6,B,65.9,61.47899999999996,Average,"(75, 90]","(2, 4]"
S0711,Female,18,MBA,3,67.4,4.5,8.03,66.8,Yes,1,6.0,Medium,Yes,5.7,No,12.8,D,43.8,43.38200000000004,At-Risk,"(60, 75]","(4, 6]"
S0712,Female,18,Electronics,2,77.5,4.8,6.93,75.8,Yes,2,5.4,Medium,Yes,6.0,No,23.3,C,48.5,49.284,At-Risk,"(75, 90]","(4, 6]"
S0713,Male,21,Mechanical,2,81.5,4.1,6.97,73.0,Yes,1,8.6,Low,Yes,7.8,No,11.0,C,50.6,50.44600000000001,At-Risk,"(75, 90]","(4, 6]"
S0714,Male,20,Civil,1,79.5,6.1,8.75,67.8,No,1,3.7,Low,No,5.3,No,3.5,D,41.1,44.37599999999998,At-Risk,"(75, 90]","(6, 10]"
S0715,Male,18,Civil,2,94.8,8.400000000000002,8.78,85.0,Yes,3,9.7,Medium,Yes,8.9,No,1.5,A,76.0,72.325,Average,"(90, 100]","(6, 10]"
S0716,Female,25,MBA,3,68.8,3.3,6.07,54.8,Yes,2,7.3,Low,No,4.3,No,10.5,C,48.4,43.76200000000004,At-Risk,"(60, 75]","(2, 4]"
S0717,Female,18,Computer Science,1,83.0,4.5,6.14,50.0,No,3,6.1,Low,No,3.2,No,1.5,D,43.1,43.60499999999998,At-Risk,"(75, 90]","(4, 6]"
S0718,Other,21,BBA,1,63.8,2.8,6.38,52.3,No,1,6.9,Low,No,2.8,No,10.5,F,18.3,21.330999999999985,At-Risk,"(60, 75]","(2, 4]"
S0719,Male,25,Civil,1,76.2,3.2,5.58,66.9,Yes,3,7.3,Low,Yes,5.1,Yes,3.6,C,49.1,40.98400000000001,At-Risk,"(75, 90]","(2, 4]"
S0720,Female,19,Computer Science,1,66.6,8.400000000000002,4.25,51.3,Yes,1,6.1,Medium,Yes,8.2,No,24.5,C,51.4,46.759000000000015,At-Risk,"(60, 75]","(6, 10]"
S0721,Female,18,Electronics,2,68.2,4.4,5.83,45.3,No,1,8.9,Medium,No,5.2,No,7.4,D,38.7,38.81799999999995,At-Risk,"(60, 75]","(4, 6]"
S0722,Male,18,Mechanical,1,71.9,4.5,6.1,65.0,Yes,5,8.3,Medium,Yes,5.2,No,3.5,D,42.3,41.72199999999998,At-Risk,"(60, 75]","(4, 6]"
S0723,Male,19,Electronics,3,76.3,3.8,5.08,56.4,No,2,9.7,Low,No,5.8,No,20.2,D,44.9,41.98900000000003,At-Risk,"(75, 90]","(2, 4]"
S0724,Female,18,MBA,4,82.6,4.4,7.01,64.6,No,3,5.0,Low,No,7.8,No,3.9,C,54.1,51.131000000000014,At-Risk,"(75, 90]","(4, 6]"
S0725,Female,21,Electrical,2,83.7,4.5,6.67,77.0,Yes,2,6.8,High,Yes,8.4,No,4.7,C,45.9,47.099000000000004,At-Risk,"(75, 90]","(4, 6]"
S0726,Female,18,Electrical,4,82.5,4.2,8.19,80.6,Yes,2,4.8,Medium,Yes,6.8,Yes,19.0,D,40.9,44.19000000000003,At-Risk,"(75, 90]","(4, 6]"
S0727,Male,20,Electrical,2,82.2,3.7,4.76,70.0,Yes,4,5.2,High,Yes,7.7,No,4.7,D,40.2,40.44499999999995,At-Risk,"(75, 90]","(2, 4]"
S0728,Female,25,Electronics,2,77.2,5.3,7.29,80.6,Yes,4,6.1,Medium,Yes,8.0,Yes,6.3,C,56.8,55.761000000000074,At-Risk,"(75, 90]","(4, 6]"
S0729,Male,22,Civil,4,63.8,3.5,7.25,72.8,Yes,0,6.1,Medium,Yes,1.8,Yes,5.3,D,32.4,32.69300000000004,At-Risk,"(60, 75]","(2, 4]"
S0730,Male,20,Mechanical,1,71.0,3.4,6.99,66.8,Yes,3,6.9,Medium,Yes,3.6,No,2.2,D,40.9,39.43200000000002,At-Risk,"(60, 75]","(2, 4]"
S0731,Male,19,Electrical,4,79.6,6.9,10.0,80.4,Yes,1,6.4,Low,Yes,4.5,No,1.4,C,47.5,49.58700000000001,At-Risk,"(75, 90]","(6, 10]"
S0732,Female,20,MBA,1,83.1,2.6,6.96,67.3,Yes,1,7.5,Medium,Yes,7.5,No,13.9,D,38.3,41.95600000000004,At-Risk,"(75, 90]","(2, 4]"
S0733,Female,20,MBA,2,67.1,4.7,6.19,59.6,Yes,2,6.9,Medium,Yes,5.2,Yes,11.4,D,30.7,38.687000000000005,At-Risk,"(60, 75]","(4, 6]"
S0734,Female,20,Electrical,1,78.3,3.5,7.27,68.2,Yes,0,8.5,Low,Yes,7.5,No,4.3,C,51.7,51.08899999999996,At-Risk,"(75, 90]","(2, 4]"
S0735,Male,18,Electrical,3,75.1,4.4,5.98,52.2,Yes,0,7.5,Low,Yes,8.8,No,4.5,B,63.4,46.17800000000001,At-Risk,"(75, 90]","(4, 6]"
S0736,Female,22,Mechanical,3,75.9,5.5,6.77,74.8,Yes,2,5.1,Medium,Yes,2.3,No,29.4,B,67.0,62.409000000000006,Average,"(75, 90]","(4, 6]"
S0737,Male,20,Electrical,3,90.0,4.2,9.49,78.8,Yes,2,6.3,High,Yes,4.7,Yes,29.4,B,62.4,53.753,At-Risk,"(75, 90]","(4, 6]"
S0738,Female,18,Mechanical,2,62.8,3.7,4.21,61.5,Yes,0,6.4,Medium,Yes,6.3,No,7.4,F,16.0,26.42800000000001,At-Risk,"(60, 75]","(2, 4]"
S0739,Male,19,MBA,2,62.9,3.7,5.54,75.1,Yes,1,7.0,Low,Yes,6.7,No,17.2,F,26.7,27.248,At-Risk,"(60, 75]","(2, 4]"
S0740,Male,20,Electrical,1,74.6,4.4,7.18,63.5,Yes,2,7.8,Low,Yes,7.6,No,14.3,F,21.1,49.625,At-Risk,"(60, 75]","(4, 6]"
S0741,Male,22,Electronics,2,77.7,5.0,6.46,63.2,Yes,1,6.8,Medium,Yes,7.6,No,4.5,C,48.3,51.41300000000002,At-Risk,"(75, 90]","(4, 6]"
S0742,Male,21,BBA,4,77.1,4.4,6.82,69.5,Yes,1,7.2,Low,Yes,7.4,No,1.6,B,61.3,56.77200000000007,At-Risk,"(75, 90]","(4, 6]"
S0743,Female,21,Electronics,2,91.1,5.6,9.14,80.5,Yes,3,5.1,High,Yes,9.6,No,2.5,B,65.0,62.629000000000005,Average,"(90, 100]","(4, 6]"
S0744,Female,17,MBA,4,78.7,4.8,5.62,60.0,Yes,2,5.9,Low,No,7.5,No,19.2,F,29.0,45.69300000000001,At-Risk,"(75, 90]","(4, 6]"
S0745,Male,20,Mechanical,4,76.3,5.1,8.25,76.3,Yes,1,4.2,Medium,Yes,6.3,No,14.1,C,55.5,54.12499999999999,At-Risk,"(75, 90]","(4, 6]"
S0746,Female,20,Electronics,2,76.3,4.2,6.28,59.9,Yes,1,7.0,Medium,Yes,8.2,No,11.9,C,52.2,44.88,At-Risk,"(75, 90]","(4, 6]"
S0747,Male,17,Mechanical,3,85.6,4.4,7.11,88.2,Yes,2,7.5,High,Yes,7.8,Yes,2.4,B,66.8,50.34800000000002,At-Risk,"(75, 90]","(4, 6]"
S0748,Female,19,Electronics,1,86.3,4.5,7.86,73.4,No,1,4.9,Medium,Yes,8.8,No,11.2,C,58.3,56.18900000000007,At-Risk,"(75, 90]","(4, 6]"
S0749,Female,21,Electronics,1,80.3,2.1,6.31,66.1,No,0,6.7,Medium,Yes,7.1,Yes,15.8,D,41.8,41.79100000000003,At-Risk,"(75, 90]","(2, 4]"
S0750,Female,18,Mechanical,1,64.5,3.7,6.48,64.8,Yes,0,6.4,High,No,6.7,No,20.7,F,24.4,28.595000000000038,At-Risk,"(60, 75]","(2, 4]"
S0751,Male,20,Civil,3,76.6,3.6,6.8,74.1,No,2,8.5,Low,No,5.2,Yes,1.1,C,53.6,51.24900000000002,At-Risk,"(75, 90]","(2, 4]"
S0752,Female,19,Electronics,2,80.7,4.5,8.65,69.1,Yes,0,5.4,High,Yes,6.5,No,12.5,B,60.7,55.96499999999994,At-Risk,"(75, 90]","(4, 6]"
S0753,Female,17,Electrical,2,84.8,7.0,8.3,82.3,Yes,1,7.6,Low,Yes,8.3,No,1.2,D,43.5,49.48000000000001,At-Risk,"(75, 90]","(6, 10]"
S0754,Male,19,BBA,2,77.2,3.8,8.29,62.7,Yes,1,7.9,Medium,Yes,7.9,Yes,13.3,D,36.8,41.860000000000035,At-Risk,"(75, 90]","(2, 4]"
S0755,Male,24,MBA,2,76.0,4.4,6.42,85.4,Yes,2,6.3,Medium,Yes,4.5,No,11.1,D,39.1,48.17599999999999,At-Risk,"(75, 90]","(4, 6]"
S0756,Female,22,Civil,3,86.3,5.8,8.37,78.0,No,1,6.9,Low,No,7.1,No,2.6,C,56.2,55.99099999999994,At-Risk,"(75, 90]","(4, 6]"
S0757,Female,24,Mechanical,3,76.3,2.7,6.69,58.4,Yes,0,7.8,High,Yes,8.7,No,15.5,C,45.0,43.89999999999999,At-Risk,"(75, 90]","(2, 4]"
S0758,Female,20,Civil,1,70.4,5.0,6.96,70.4,Yes,2,5.2,Low,Yes,3.6,No,1.7,D,39.5,40.652,At-Risk,"(60, 75]","(4, 6]"
S0759,Female,18,Computer Science,1,76.3,4.4,9.14,83.8,No,1,6.0,Low,No,2.8,Yes,18.5,D,41.9,51.405000000000015,At-Risk,"(75, 90]","(4, 6]"
S0760,Female,20,Computer Science,3,75.8,3.3,6.35,55.0,No,3,6.7,Medium,No,7.8,No,4.0,F,29.2,35.757999999999974,At-Risk,"(75, 90]","(2, 4]"
S0761,Male,20,Electronics,2,76.7,4.7,6.7,72.1,Yes,0,9.0,Medium,Yes,5.8,No,12.7,C,53.7,52.92499999999993,At-Risk,"(75, 90]","(4, 6]"
S0762,Male,22,Electronics,3,68.8,3.9,5.83,56.0,Yes,1,6.0,Medium,Yes,8.6,No,26.7,D,32.7,36.15799999999995,At-Risk,"(60, 75]","(2, 4]"
S0763,Male,18,Electrical,2,79.2,3.5,8.11,81.4,Yes,2,6.2,Low,Yes,5.3,No,5.2,C,56.8,50.535000000000075,At-Risk,"(75, 90]","(2, 4]"
S0764,Female,20,BBA,2,74.7,1.8,5.68,54.1,No,3,8.4,Low,No,7.2,Yes,8.0,F,23.5,29.031,At-Risk,"(60, 75]","(0, 2]"
S0765,Male,18,MBA,1,76.5,3.1,4.81,60.4,Yes,4,7.3,Low,No,7.1,Yes,7.2,D,36.6,37.103999999999964,At-Risk,"(75, 90]","(2, 4]"
S0766,Female,19,Civil,1,80.6,4.2,7.63,63.5,No,1,9.1,Low,No,5.2,Yes,2.7,C,58.5,53.577999999999996,At-Risk,"(75, 90]","(4, 6]"
S0767,Female,21,Computer Science,3,80.0,5.7,6.76,65.7,Yes,0,7.8,Medium,Yes,9.8,No,9.9,C,53.6,53.12300000000002,At-Risk,"(75, 90]","(4, 6]"
S0768,Female,20,Electronics,2,74.3,4.3,7.0,55.1,No,3,6.3,Medium,No,5.3,No,14.6,D,35.9,38.95700000000002,At-Risk,"(60, 75]","(4, 6]"
S0769,Male,19,MBA,3,76.3,6.5,7.62,76.8,Yes,1,6.2,High,Yes,5.9,No,25.9,D,42.0,47.402,At-Risk,"(75, 90]","(6, 10]"
S0770,Female,19,Civil,4,66.7,3.3,6.48,60.3,Yes,0,5.5,High,Yes,2.2,No,20.0,F,24.3,27.333000000000006,At-Risk,"(60, 75]","(2, 4]"
S0771,Male,20,Electronics,2,68.8,2.9,5.15,48.0,No,1,4.9,Low,No,2.6,Yes,8.1,D,32.0,32.788,At-Risk,"(60, 75]","(2, 4]"
S0772,Female,21,Electronics,3,77.7,4.2,6.8,71.2,Yes,0,6.9,Medium,Yes,7.8,No,13.7,C,58.6,52.91200000000003,At-Risk,"(75, 90]","(4, 6]"
S0773,Male,22,Computer Science,2,68.2,3.7,6.19,59.1,Yes,0,7.3,Low,Yes,6.5,Yes,17.1,D,41.1,38.690999999999974,At-Risk,"(60, 75]","(2, 4]"
S0774,Male,24,Computer Science,2,86.5,5.6,8.11,91.6,Yes,1,7.4,Low,Yes,6.2,No,7.8,C,57.4,57.857999999999954,At-Risk,"(75, 90]","(4, 6]"
S0775,Female,21,Electronics,3,71.5,5.1,8.86,73.0,No,3,6.4,Medium,No,4.8,No,2.2,C,49.2,49.37399999999998,At-Risk,"(60, 75]","(4, 6]"
S0776,Male,19,Mechanical,2,81.5,4.6,5.96,42.6,No,5,8.8,Low,No,8.3,No,6.8,D,31.2,38.30699999999996,At-Risk,"(75, 90]","(4, 6]"
S0777,Male,21,Electronics,3,74.4,7.0,7.18,64.2,Yes,1,4.9,Low,No,8.1,No,19.5,C,49.1,50.43200000000001,At-Risk,"(60, 75]","(6, 10]"
S0778,Female,20,MBA,1,72.6,4.9,7.14,63.7,Yes,2,4.7,High,Yes,4.8,No,10.1,C,46.2,44.55199999999994,At-Risk,"(60, 75]","(4, 6]"
S0779,Female,19,Electronics,3,90.1,6.3,8.8,78.9,No,0,5.5,Medium,No,7.8,No,13.9,B,65.4,63.56099999999995,Average,"(90, 100]","(6, 10]"
S0780,Female,22,Electrical,4,86.5,6.1,9.63,93.4,Yes,2,6.5,Medium,Yes,5.5,No,3.0,C,52.0,54.862999999999985,At-Risk,"(75, 90]","(6, 10]"
S0781,Female,17,BBA,4,78.7,6.6,7.24,72.5,Yes,2,5.2,Low,Yes,6.7,No,29.4,D,43.2,46.43899999999994,At-Risk,"(75, 90]","(6, 10]"
S0782,Female,23,Electrical,3,75.9,4.3,5.79,74.5,Yes,1,8.1,Low,Yes,4.1,No,6.2,D,35.3,38.78400000000002,At-Risk,"(75, 90]","(4, 6]"
S0783,Male,20,Electrical,3,75.1,4.4,6.03,63.0,Yes,1,5.6,High,Yes,2.9,No,11.6,C,55.8,51.401000000000074,At-Risk,"(75, 90]","(4, 6]"
S0784,Male,20,Mechanical,2,80.9,5.3,7.52,69.7,Yes,4,5.4,Low,Yes,7.3,No,1.2,C,48.8,48.39200000000003,At-Risk,"(75, 90]","(4, 6]"
S0785,Male,21,Mechanical,3,80.5,6.8,6.96,77.0,Yes,3,7.8,Medium,Yes,7.8,No,2.4,C,53.3,53.26500000000007,At-Risk,"(75, 90]","(6, 10]"
S0786,Female,22,Electronics,1,69.3,2.9,4.67,52.8,Yes,3,6.7,Low,Yes,6.5,No,16.2,F,28.3,30.227000000000025,At-Risk,"(60, 75]","(2, 4]"
S0787,Female,20,Electrical,2,69.9,2.9,8.15,74.5,Yes,0,7.4,Medium,No,4.6,Yes,29.4,F,28.2,32.05299999999996,At-Risk,"(60, 75]","(2, 4]"
S0788,Male,20,Mechanical,2,79.6,8.0,9.77,83.5,No,2,6.4,Low,No,5.0,No,4.9,C,58.4,57.089999999999975,At-Risk,"(75, 90]","(6, 10]"
S0789,Male,18,Computer Science,4,71.4,6.7,8.57,80.8,Yes,2,6.8,High,Yes,2.8,No,1.4,B,60.0,44.505999999999986,At-Risk,"(60, 75]","(6, 10]"
S0790,Female,20,Electronics,2,68.7,4.8,6.35,59.6,Yes,1,4.8,High,Yes,4.3,No,5.5,D,44.0,42.949,At-Risk,"(60, 75]","(4, 6]"
S0791,Male,18,MBA,2,79.1,4.9,6.51,67.9,No,2,6.3,Medium,No,5.8,No,1.2,C,52.9,51.428999999999995,At-Risk,"(75, 90]","(4, 6]"
S0792,Female,21,BBA,2,85.1,3.9,8.32,85.9,Yes,2,5.2,Low,Yes,5.6,Yes,3.1,C,57.4,55.919999999999945,At-Risk,"(75, 90]","(2, 4]"
S0793,Female,20,Civil,3,77.2,4.0,7.05,64.9,No,2,8.8,High,Yes,6.0,No,15.0,C,59.5,48.897,At-Risk,"(75, 90]","(2, 4]"
S0794,Female,21,Electronics,3,75.4,1.5,5.4,57.4,Yes,3,8.1,Medium,Yes,7.5,Yes,28.7,D,40.1,38.91599999999996,At-Risk,"(75, 90]","(0, 2]"
S0795,Male,17,Civil,1,70.7,5.1,6.8,75.5,Yes,4,5.7,Medium,No,5.7,No,1.9,C,46.2,45.864999999999945,At-Risk,"(60, 75]","(4, 6]"
S0796,Female,18,Electrical,2,78.1,5.4,7.67,70.2,Yes,3,6.3,Medium,Yes,5.4,No,9.2,C,49.4,49.48099999999999,At-Risk,"(75, 90]","(4, 6]"
S0797,Female,21,BBA,3,75.1,4.0,6.67,66.5,Yes,1,6.3,Low,Yes,6.0,No,3.9,C,47.6,46.05699999999998,At-Risk,"(75, 90]","(2, 4]"
S0798,Female,18,Civil,2,67.4,0.399999999999999,4.96,46.4,Yes,0,9.1,Low,Yes,10.0,Yes,2.5,F,29.4,29.198000000000032,At-Risk,"(60, 75]","(0, 2]"
S0799,Female,18,Electrical,1,69.8,5.8,7.5,48.7,No,3,7.0,Medium,No,7.0,No,3.5,D,36.4,39.73800000000005,At-Risk,"(60, 75]","(4, 6]"
S0800,Female,17,Computer Science,3,76.3,6.6,8.5,60.3,No,0,6.0,Low,Yes,7.5,No,9.6,C,51.8,51.79100000000006,At-Risk,"(75, 90]","(6, 10]"
S0801,Female,24,Civil,3,74.3,4.1,6.28,71.5,Yes,0,6.7,Medium,Yes,6.8,No,1.7,C,50.0,46.868,At-Risk,"(60, 75]","(4, 6]"
S0802,Male,21,BBA,1,68.1,3.9,5.96,59.0,Yes,2,4.7,Medium,Yes,4.6,Yes,6.7,D,42.2,39.93599999999996,At-Risk,"(60, 75]","(2, 4]"
S0803,Female,19,Electronics,3,83.9,7.2,8.53,84.6,Yes,0,6.4,High,Yes,3.0,No,2.5,C,45.4,50.863,At-Risk,"(75, 90]","(6, 10]"
S0804,Female,19,Electrical,3,72.4,3.0,6.98,78.8,Yes,2,5.2,High,Yes,4.7,No,4.2,D,30.7,34.025999999999975,At-Risk,"(60, 75]","(2, 4]"
S0805,Male,19,Electronics,2,76.3,4.9,7.46,72.0,Yes,1,4.3,High,Yes,5.9,No,3.1,C,52.0,51.37300000000001,At-Risk,"(75, 90]","(4, 6]"
S0806,Female,21,BBA,4,64.6,2.8,5.3,48.9,Yes,3,8.9,Low,Yes,6.3,Yes,22.5,D,31.4,30.808000000000042,At-Risk,"(60, 75]","(2, 4]"
S0807,Female,21,Mechanical,3,70.7,2.3,5.37,60.7,Yes,2,6.5,Low,Yes,8.1,No,13.3,C,55.5,36.45099999999999,At-Risk,"(60, 75]","(2, 4]"
S0808,Female,18,Electrical,3,90.5,4.0,9.16,90.2,Yes,5,5.6,Medium,Yes,3.7,Yes,21.3,B,61.9,55.900000000000006,At-Risk,"(90, 100]","(2, 4]"
S0809,Male,18,Civil,3,81.9,5.6,8.48,85.9,Yes,1,4.5,Low,No,4.7,Yes,5.8,D,39.0,43.273,At-Risk,"(75, 90]","(4, 6]"
S0810,Male,18,Electrical,1,75.1,5.1,7.47,66.6,No,0,6.2,Low,Yes,6.0,Yes,4.8,C,55.1,53.83600000000002,At-Risk,"(75, 90]","(4, 6]"
S0811,Other,21,Electronics,1,72.9,2.3,4.36,56.1,Yes,5,6.3,Medium,Yes,5.3,No,5.8,C,50.8,43.61900000000005,At-Risk,"(60, 75]","(2, 4]"
S0812,Female,21,Computer Science,2,79.4,3.1,5.59,66.3,Yes,0,7.4,Medium,Yes,9.1,No,1.2,D,41.6,43.22099999999998,At-Risk,"(75, 90]","(2, 4]"
S0813,Male,19,Electrical,1,66.4,1.8,4.66,55.8,Yes,2,5.4,High,Yes,6.0,No,13.9,D,30.3,29.819000000000038,At-Risk,"(60, 75]","(0, 2]"
S0814,Female,17,Civil,2,76.3,3.2,4.88,60.8,No,0,5.9,Low,No,3.1,No,5.3,F,21.5,26.793999999999997,At-Risk,"(75, 90]","(2, 4]"
S0815,Female,18,Mechanical,4,78.1,3.0,6.19,61.2,No,4,5.4,Low,Yes,5.3,No,4.8,D,31.6,33.732999999999954,At-Risk,"(75, 90]","(2, 4]"
S0816,Female,24,MBA,3,72.6,5.3,8.82,52.7,No,1,6.2,Low,No,5.7,No,10.1,B,60.9,54.33599999999999,At-Risk,"(60, 75]","(4, 6]"
S0817,Female,19,Computer Science,3,77.6,5.6,6.05,63.6,Yes,1,4.1,High,Yes,6.2,No,6.7,F,27.3,47.553999999999995,At-Risk,"(75, 90]","(4, 6]"
S0818,Male,21,Mechanical,4,71.6,3.3,5.89,58.3,No,2,5.5,Medium,No,6.0,No,29.4,D,30.3,36.34599999999999,At-Risk,"(60, 75]","(2, 4]"
S0819,Male,20,Electrical,3,81.5,4.3,6.82,75.1,Yes,0,7.3,High,Yes,6.6,No,5.4,C,47.1,46.16499999999999,At-Risk,"(75, 90]","(4, 6]"
S0820,Male,19,Electronics,2,64.8,6.7,6.96,73.2,Yes,1,5.0,High,Yes,3.1,No,10.5,C,46.8,45.52900000000003,At-Risk,"(60, 75]","(6, 10]"
S0821,Female,19,BBA,1,78.8,5.0,7.48,78.2,Yes,3,7.7,Medium,Yes,7.1,No,4.7,D,43.9,47.03000000000001,At-Risk,"(75, 90]","(4, 6]"
S0822,Male,18,Electronics,2,64.6,3.9,6.96,53.4,No,2,7.5,Medium,Yes,4.6,Yes,29.4,C,45.3,41.058000000000035,At-Risk,"(60, 75]","(2, 4]"
S0823,Male,20,Civil,3,78.7,5.4,8.36,66.4,No,2,7.6,Low,No,6.6,Yes,6.9,D,34.5,40.033,At-Risk,"(75, 90]","(4, 6]"
S0824,Male,21,Electronics,2,73.2,4.6,6.48,72.5,Yes,1,6.5,Medium,Yes,3.8,No,11.1,F,25.0,34.09299999999999,At-Risk,"(60, 75]","(4, 6]"
S0825,Female,20,Computer Science,3,85.6,6.7,9.56,67.4,No,1,6.4,Medium,Yes,6.5,No,2.4,B,62.1,60.94000000000003,Average,"(75, 90]","(6, 10]"
S0826,Female,20,Electronics,1,72.7,3.2,6.55,63.9,No,0,6.9,Medium,No,8.8,No,14.2,F,26.6,31.545999999999964,At-Risk,"(60, 75]","(2, 4]"
S0827,Male,17,Civil,3,62.0,2.5,4.7,62.2,Yes,0,8.1,High,Yes,6.0,No,4.1,D,32.9,31.69300000000005,At-Risk,"(60, 75]","(2, 4]"
S0828,Male,24,MBA,3,64.3,3.8,5.98,60.6,No,0,8.0,High,Yes,5.0,No,7.0,D,30.9,34.52000000000001,At-Risk,"(60, 75]","(2, 4]"
S0829,Female,21,Electrical,3,75.0,1.6,5.17,62.0,No,2,4.5,Medium,Yes,7.9,No,22.5,C,47.0,42.30799999999999,At-Risk,"(60, 75]","(0, 2]"
S0830,Male,19,BBA,4,71.8,0.399999999999999,5.75,69.5,Yes,0,5.5,Medium,Yes,8.2,Yes,29.4,F,26.4,27.843000000000032,At-Risk,"(60, 75]","(0, 2]"
S0831,Male,24,Electrical,3,83.2,5.9,8.51,74.0,No,5,5.2,Medium,Yes,3.6,No,6.5,B,68.4,59.31100000000001,At-Risk,"(75, 90]","(4, 6]"
S0832,Male,20,Electronics,4,87.9,4.8,6.58,70.7,Yes,1,7.4,Low,Yes,7.1,No,19.0,C,56.9,55.27699999999996,At-Risk,"(75, 90]","(4, 6]"
S0833,Male,20,Mechanical,4,70.8,2.0,4.64,59.7,Yes,3,5.7,Low,Yes,5.9,Yes,1.5,F,25.9,32.63700000000001,At-Risk,"(60, 75]","(0, 2]"
S0834,Male,21,Electrical,3,58.4,0.399999999999999,6.0,47.7,No,1,6.3,Medium,Yes,4.5,Yes,19.8,D,35.6,31.299999999999976,At-Risk,"(0, 60]","(0, 2]"
S0835,Female,22,MBA,3,71.3,4.3,6.42,74.9,Yes,1,8.5,Medium,Yes,3.3,Yes,10.9,D,38.6,39.30599999999996,At-Risk,"(60, 75]","(4, 6]"
S0836,Male,21,Electronics,1,90.9,4.9,9.09,85.3,Yes,0,7.8,Low,Yes,4.0,Yes,7.7,B,72.8,61.58299999999996,Average,"(90, 100]","(4, 6]"
S0837,Female,18,BBA,2,78.4,4.5,7.54,77.9,Yes,2,8.2,High,Yes,4.2,Yes,23.1,C,56.7,52.59699999999992,At-Risk,"(75, 90]","(4, 6]"
S0838,Male,19,Civil,2,72.2,3.6,6.59,68.1,No,1,5.6,Low,Yes,3.1,Yes,19.7,D,39.4,38.02600000000004,At-Risk,"(60, 75]","(2, 4]"
S0839,Female,23,MBA,2,77.8,5.6,7.6,72.4,Yes,3,3.3000000000000007,Low,Yes,6.0,No,4.5,C,52.5,50.867,At-Risk,"(75, 90]","(4, 6]"
S0840,Female,19,Electronics,2,74.4,8.400000000000002,5.99,59.3,Yes,2,6.0,Medium,Yes,7.8,No,16.7,B,60.1,55.45600000000004,At-Risk,"(60, 75]","(6, 10]"
S0841,Male,19,MBA,4,79.2,6.5,7.37,73.9,Yes,1,4.8,Low,Yes,3.4,No,2.0,B,62.4,56.30499999999997,At-Risk,"(75, 90]","(6, 10]"
S0842,Female,20,Electrical,4,71.1,4.7,4.68,80.8,Yes,2,4.2,Low,Yes,4.4,No,18.3,D,42.1,41.45399999999999,At-Risk,"(60, 75]","(4, 6]"
S0843,Male,20,BBA,4,71.8,4.4,6.44,80.2,Yes,1,7.9,Low,Yes,5.3,No,12.3,C,49.1,43.728,At-Risk,"(60, 75]","(4, 6]"
S0844,Other,20,Civil,2,76.5,4.1,6.37,64.2,Yes,4,5.4,Medium,Yes,6.3,No,1.9,C,50.3,47.30000000000005,At-Risk,"(75, 90]","(4, 6]"
S0845,Male,23,Electronics,1,71.5,4.3,6.83,60.3,No,2,5.5,Medium,No,4.3,No,12.5,C,52.7,48.12399999999995,At-Risk,"(60, 75]","(4, 6]"
S0846,Male,19,Computer Science,1,79.3,4.8,6.23,63.1,No,1,6.1,Medium,Yes,4.0,No,9.7,C,57.0,52.43800000000001,At-Risk,"(75, 90]","(4, 6]"
S0847,Male,18,Civil,2,63.4,1.5,6.03,63.9,Yes,0,8.5,Medium,Yes,3.6,Yes,10.0,D,36.8,34.02800000000004,At-Risk,"(60, 75]","(0, 2]"
S0848,Other,18,Computer Science,1,71.6,3.0,5.86,56.7,No,2,6.3,Low,Yes,8.2,No,4.4,D,38.5,37.742,At-Risk,"(60, 75]","(2, 4]"
S0849,Female,22,MBA,1,81.2,7.6,6.38,72.4,Yes,0,7.6,High,Yes,10.0,No,4.1,C,45.7,48.86699999999994,At-Risk,"(75, 90]","(6, 10]"
S0850,Female,20,Mechanical,4,70.9,6.6,6.5,57.2,No,2,6.1,Low,Yes,6.0,No,15.4,C,49.5,46.61199999999999,At-Risk,"(60, 75]","(6, 10]"
S0851,Male,19,Civil,3,76.3,5.9,7.0,69.9,Yes,1,4.6,High,Yes,8.5,No,4.0,C,50.1,49.439000000000014,At-Risk,"(75, 90]","(4, 6]"
S0852,Female,22,MBA,2,76.6,7.4,9.47,88.5,Yes,0,5.1,Medium,Yes,4.8,No,6.9,C,48.7,51.10599999999994,At-Risk,"(75, 90]","(6, 10]"
S0853,Male,22,Computer Science,1,86.3,6.7,8.37,56.0,Yes,2,6.5,High,Yes,5.8,No,12.9,D,40.9,47.56500000000001,At-Risk,"(75, 90]","(6, 10]"
S0854,Female,22,Electrical,2,76.3,5.2,6.72,44.5,No,2,6.6,Low,No,7.0,No,1.8,C,58.4,53.59299999999998,At-Risk,"(75, 90]","(4, 6]"
S0855,Male,23,Electrical,1,75.7,6.7,7.78,64.9,Yes,0,7.2,Medium,Yes,5.9,No,10.0,C,51.5,52.25200000000002,At-Risk,"(75, 90]","(6, 10]"
S0856,Male,19,Mechanical,4,78.4,4.4,7.05,64.2,No,0,7.2,Low,No,7.0,No,9.9,D,37.6,50.12600000000002,At-Risk,"(75, 90]","(4, 6]"
S0857,Male,21,Civil,2,84.5,2.6,7.27,65.2,Yes,1,7.6,Low,Yes,6.0,Yes,12.5,C,49.8,48.96900000000008,At-Risk,"(75, 90]","(2, 4]"
S0858,Male,20,Civil,2,77.3,3.3,7.15,86.0,Yes,1,5.6,Medium,Yes,5.8,Yes,5.6,D,37.3,44.642999999999994,At-Risk,"(75, 90]","(2, 4]"
S0859,Female,22,Civil,2,76.3,4.0,7.18,66.8,No,3,8.7,Low,No,6.6,Yes,7.0,C,51.3,50.54600000000007,At-Risk,"(75, 90]","(2, 4]"
S0860,Male,21,MBA,1,76.3,4.4,6.71,81.7,Yes,2,8.8,Medium,Yes,6.0,No,5.0,B,61.5,56.408999999999985,At-Risk,"(75, 90]","(4, 6]"
S0861,Female,21,BBA,3,73.0,2.1,6.31,63.4,No,2,5.9,Low,Yes,4.5,Yes,17.5,D,37.4,36.15200000000006,At-Risk,"(60, 75]","(2, 4]"
S0862,Male,21,BBA,3,76.9,4.3,7.32,55.8,Yes,1,5.5,Low,Yes,7.0,Yes,2.4,C,45.7,45.26199999999997,At-Risk,"(75, 90]","(4, 6]"
S0863,Female,18,Mechanical,3,73.7,2.3,5.63,48.0,Yes,2,4.4,Medium,Yes,6.8,No,29.4,D,34.9,34.86400000000003,At-Risk,"(60, 75]","(2, 4]"
S0864,Male,20,Civil,1,79.9,7.1,6.98,72.0,Yes,0,6.7,Medium,Yes,6.6,No,11.1,C,49.7,50.64599999999994,At-Risk,"(75, 90]","(6, 10]"
S0865,Male,25,MBA,2,88.0,4.4,7.69,57.5,No,1,7.0,Medium,Yes,10.0,No,22.8,C,46.3,50.612000000000045,At-Risk,"(75, 90]","(4, 6]"
S0866,Female,23,Electrical,2,80.2,8.400000000000002,9.42,93.7,Yes,0,5.8,Medium,Yes,3.8,No,6.6,B,71.0,63.514,Average,"(75, 90]","(6, 10]"
S0867,Male,17,Computer Science,4,69.3,5.9,6.2,59.3,Yes,4,6.8,High,Yes,7.1,No,5.0,D,44.1,43.66499999999999,At-Risk,"(60, 75]","(4, 6]"
S0868,Male,18,MBA,2,63.1,4.9,6.5,68.2,Yes,1,4.8,Low,Yes,5.9,No,24.1,D,37.8,36.50400000000005,At-Risk,"(60, 75]","(4, 6]"
S0869,Female,18,BBA,2,90.4,8.1,8.53,89.0,Yes,2,7.7,Medium,Yes,7.9,No,2.0,B,67.1,65.00600000000003,Average,"(90, 100]","(6, 10]"
S0870,Female,21,BBA,3,79.4,4.4,7.11,86.4,Yes,2,5.9,High,Yes,6.1,No,2.2,D,33.7,38.89299999999995,At-Risk,"(75, 90]","(4, 6]"
S0871,Male,22,Electrical,3,86.4,6.9,9.36,81.2,Yes,2,6.8,Medium,Yes,4.5,No,4.6,B,66.7,64.10499999999993,Average,"(75, 90]","(6, 10]"
S0872,Male,19,Electrical,2,84.5,5.0,8.15,72.3,Yes,1,6.8,Medium,Yes,3.1,Yes,29.4,B,64.2,61.03599999999995,Average,"(75, 90]","(4, 6]"
S0873,Female,20,Computer Science,2,59.7,2.0,4.0,42.2,Yes,0,4.1,Medium,Yes,5.8,No,11.0,F,12.1,17.046999999999976,At-Risk,"(0, 60]","(0, 2]"
S0874,Male,22,Electrical,2,71.6,4.3,6.78,72.1,No,1,7.5,Medium,Yes,5.1,Yes,9.1,D,44.7,43.75899999999999,At-Risk,"(60, 75]","(4, 6]"
S0875,Male,21,Mechanical,4,72.0,6.3,7.16,66.0,No,1,5.6,Medium,No,5.1,No,13.2,C,57.1,52.85800000000001,At-Risk,"(60, 75]","(6, 10]"
S0876,Male,20,Computer Science,2,68.2,3.5,6.7,55.6,No,1,6.7,Low,No,7.2,No,6.4,D,43.2,41.016999999999946,At-Risk,"(60, 75]","(2, 4]"
S0877,Female,20,Electrical,4,67.8,5.4,6.9,63.5,No,3,4.8,Low,Yes,2.8,Yes,15.2,C,48.4,40.761999999999986,At-Risk,"(60, 75]","(4, 6]"
S0878,Female,20,Electronics,2,87.4,6.5,8.77,75.0,Yes,2,5.9,High,Yes,4.7,Yes,6.0,A,78.3,60.797000000000004,Average,"(75, 90]","(6, 10]"
S0879,Male,19,MBA,4,76.7,2.7,7.71,57.4,Yes,3,6.9,Low,Yes,6.9,Yes,18.5,D,44.5,44.788999999999994,At-Risk,"(75, 90]","(2, 4]"
S0880,Male,20,Electrical,4,52.2,2.3,6.96,30.0,No,1,5.2,Medium,Yes,4.9,No,4.1,D,31.5,29.633000000000006,At-Risk,"(0, 60]","(2, 4]"
S0881,Male,21,Mechanical,2,77.0,4.4,5.93,56.3,Yes,1,5.3,Medium,Yes,8.4,No,4.3,D,44.4,45.73400000000001,At-Risk,"(75, 90]","(4, 6]"
S0882,Female,22,Civil,4,83.2,7.3,6.96,94.7,Yes,3,6.7,Medium,Yes,3.0,No,8.4,C,54.0,53.76700000000001,At-Risk,"(75, 90]","(6, 10]"
S0883,Male,20,Electrical,1,80.9,3.6,5.9,59.6,Yes,0,6.3,Low,Yes,9.1,No,6.6,C,53.5,51.01699999999999,At-Risk,"(75, 90]","(2, 4]"
S0884,Male,21,BBA,4,86.1,6.6,9.3,79.5,Yes,2,6.9,Low,Yes,5.8,No,11.4,B,65.2,62.70899999999992,Average,"(75, 90]","(6, 10]"
S0885,Female,18,BBA,3,76.8,4.9,7.93,79.6,Yes,1,6.1,High,Yes,3.4,No,5.5,C,50.4,50.527999999999984,At-Risk,"(75, 90]","(4, 6]"
S0886,Male,20,BBA,1,78.6,6.8,7.52,60.9,Yes,1,7.3,High,Yes,8.8,No,3.6,D,44.7,49.60199999999998,At-Risk,"(75, 90]","(6, 10]"
S0887,Female,17,Civil,3,81.7,4.1,7.13,68.2,Yes,2,5.8,Medium,Yes,6.6,No,7.3,D,37.6,40.36599999999996,At-Risk,"(75, 90]","(4, 6]"
S0888,Male,19,BBA,4,79.0,5.4,6.69,58.8,No,2,7.2,Medium,Yes,9.8,No,9.2,C,51.0,50.941,At-Risk,"(75, 90]","(4, 6]"
S0889,Male,21,Electronics,1,73.6,2.1,6.76,51.3,No,0,5.4,Medium,No,2.2,Yes,2.5,F,28.8,31.115000000000023,At-Risk,"(60, 75]","(2, 4]"
S0890,Male,25,Electrical,2,66.7,4.4,6.91,61.3,Yes,0,5.8,Medium,Yes,3.8,No,9.1,D,43.6,38.238,At-Risk,"(60, 75]","(4, 6]"
S0891,Female,18,BBA,3,96.2,6.8,8.98,72.5,No,3,7.4,Medium,No,8.7,No,4.8,B,64.1,63.72700000000007,Average,"(90, 100]","(6, 10]"
S0892,Female,20,Computer Science,3,83.4,4.8,6.08,58.9,No,1,5.9,Low,Yes,10.0,No,6.0,C,46.2,47.65399999999993,At-Risk,"(75, 90]","(4, 6]"
S0893,Female,22,Civil,2,64.9,4.3,6.24,58.9,No,0,5.1,Medium,Yes,6.8,No,4.3,D,35.5,36.575,At-Risk,"(60, 75]","(4, 6]"
S0894,Male,19,Electronics,1,83.7,5.1,8.75,63.0,No,1,8.6,Medium,Yes,8.6,No,27.8,C,51.1,52.18800000000002,At-Risk,"(75, 90]","(4, 6]"
S0895,Female,20,Computer Science,1,77.1,4.4,6.37,76.2,No,0,6.5,High,Yes,4.4,No,12.5,C,53.3,49.099999999999994,At-Risk,"(75, 90]","(4, 6]"
S0896,Male,21,Computer Science,2,72.7,2.5,5.4,42.8,No,1,7.1,Low,No,6.2,Yes,4.0,D,30.1,32.08399999999995,At-Risk,"(60, 75]","(2, 4]"
S0897,Male,20,Computer Science,2,82.4,3.4,6.08,61.1,Yes,3,3.8,Medium,Yes,4.7,No,11.4,D,38.7,39.784999999999954,At-Risk,"(75, 90]","(2, 4]"
S0898,Female,18,Computer Science,4,68.5,2.6,4.49,51.2,No,1,8.1,Medium,No,8.2,No,19.9,D,30.5,29.698000000000008,At-Risk,"(60, 75]","(2, 4]"
S0899,Male,19,Electrical,1,86.6,6.8,10.0,94.7,Yes,0,9.7,Medium,Yes,9.0,No,6.1,C,59.6,60.12600000000003,Average,"(75, 90]","(6, 10]"
S0900,Male,21,BBA,3,80.9,2.6,5.7,58.7,Yes,1,8.0,Low,Yes,6.8,Yes,18.7,D,44.6,40.96799999999998,At-Risk,"(75, 90]","(2, 4]"
S0901,Male,20,MBA,1,68.2,1.2,6.01,63.9,Yes,0,8.2,Medium,Yes,7.9,Yes,2.7,F,29.8,32.59900000000002,At-Risk,"(60, 75]","(0, 2]"
S0902,Male,17,Electrical,1,67.4,1.4,6.9,71.6,Yes,3,6.0,Medium,Yes,4.9,Yes,18.3,D,40.0,36.35999999999999,At-Risk,"(60, 75]","(0, 2]"
S0903,Male,21,Electrical,2,76.4,4.7,6.54,66.8,No,2,6.8,Low,No,8.2,No,8.8,D,38.7,48.35,At-Risk,"(75, 90]","(4, 6]"
S0904,Female,17,Electronics,2,71.6,5.3,7.08,67.9,Yes,0,7.1,Medium,Yes,5.7,No,3.5,C,52.4,49.10900000000001,At-Risk,"(60, 75]","(4, 6]"
S0905,Male,21,Electronics,3,86.4,6.4,8.57,69.5,Yes,3,5.7,Medium,Yes,8.3,No,6.2,B,68.5,64.07700000000001,Average,"(75, 90]","(6, 10]"
S0906,Female,19,BBA,4,68.8,6.4,7.05,65.1,Yes,2,6.4,Medium,Yes,4.5,No,29.4,C,51.7,47.99300000000001,At-Risk,"(60, 75]","(6, 10]"
S0907,Female,24,MBA,3,76.0,2.6,5.1,59.5,Yes,0,5.3,High,Yes,5.8,No,16.3,D,33.1,36.049999999999976,At-Risk,"(75, 90]","(2, 4]"
S0908,Male,19,Electronics,4,54.1,0.4,5.14,59.3,Yes,1,6.0,Low,Yes,2.9,Yes,9.6,F,11.4,16.807000000000013,At-Risk,"(0, 60]","(0, 2]"
S0909,Male,19,BBA,4,81.1,4.3,7.62,63.4,Yes,5,7.5,Low,Yes,7.4,Yes,2.2,C,55.5,47.73400000000001,At-Risk,"(75, 90]","(4, 6]"
S0910,Male,18,BBA,3,68.3,2.3,6.11,71.9,Yes,1,4.4,Medium,Yes,6.0,No,6.4,D,35.8,35.02200000000005,At-Risk,"(60, 75]","(2, 4]"
S0911,Female,19,Mechanical,4,76.3,3.0,7.19,58.1,No,0,7.6,Low,No,7.8,Yes,4.1,C,47.2,44.844999999999935,At-Risk,"(75, 90]","(2, 4]"
S0912,Male,22,MBA,3,88.2,6.2,9.78,95.0,Yes,1,4.6,Low,Yes,1.9,Yes,1.7,C,54.8,56.00800000000006,At-Risk,"(75, 90]","(6, 10]"
S0913,Female,25,Electronics,1,73.0,4.4,5.39,64.5,No,1,6.6,Low,No,5.2,Yes,8.8,D,35.5,36.587,At-Risk,"(60, 75]","(4, 6]"
S0914,Male,19,MBA,3,68.6,1.3,5.51,53.7,Yes,2,6.7,Low,Yes,5.7,Yes,23.0,D,40.9,35.68200000000004,At-Risk,"(60, 75]","(0, 2]"
S0915,Female,20,Electrical,1,65.4,3.7,4.97,68.4,Yes,1,7.2,High,Yes,5.5,No,12.3,D,31.4,34.96100000000002,At-Risk,"(60, 75]","(2, 4]"
S0916,Male,21,Electrical,3,75.6,3.8,4.0,50.5,No,2,6.3,Low,No,6.8,No,3.9,F,20.0,26.290999999999993,At-Risk,"(75, 90]","(2, 4]"
S0917,Male,22,MBA,3,76.3,6.8,9.05,62.6,No,1,5.2,Medium,No,1.7,No,9.5,D,40.2,52.385,At-Risk,"(75, 90]","(6, 10]"
S0918,Female,20,Mechanical,1,74.1,3.4,5.26,61.2,No,3,6.7,Low,No,5.6,No,29.4,F,25.9,39.175,At-Risk,"(60, 75]","(2, 4]"
S0919,Female,19,Mechanical,1,76.3,4.1,5.93,62.9,Yes,0,9.1,Medium,Yes,9.8,No,13.8,C,50.8,48.550000000000075,At-Risk,"(75, 90]","(4, 6]"
S0920,Male,20,MBA,4,74.0,2.8,5.59,47.6,No,1,6.5,Low,No,5.6,No,12.7,D,38.7,37.146999999999956,At-Risk,"(60, 75]","(2, 4]"
S0921,Female,21,Electronics,3,62.5,3.7,5.49,37.1,No,0,5.4,Medium,Yes,4.5,No,29.4,D,43.4,37.66400000000004,At-Risk,"(60, 75]","(2, 4]"
S0922,Female,17,Civil,1,65.2,1.7,6.71,52.6,No,1,5.9,Medium,Yes,4.9,Yes,17.0,F,20.0,24.934,At-Risk,"(60, 75]","(0, 2]"
S0923,Female,20,Mechanical,3,72.1,7.1,5.91,63.2,Yes,4,6.7,Low,Yes,6.0,No,2.5,B,62.0,45.12399999999998,At-Risk,"(60, 75]","(6, 10]"
S0924,Female,19,Computer Science,3,78.8,3.8,4.53,46.2,Yes,1,6.2,Medium,Yes,7.4,No,5.3,D,41.6,40.029999999999966,At-Risk,"(75, 90]","(2, 4]"
S0925,Male,21,Electrical,2,73.9,1.8,6.86,63.5,No,1,6.0,Low,No,5.2,Yes,29.4,F,27.0,31.172000000000004,At-Risk,"(60, 75]","(0, 2]"
S0926,Male,18,MBA,4,79.3,3.4,7.77,70.3,Yes,0,8.1,Medium,Yes,7.9,Yes,7.7,B,67.6,59.63200000000004,At-Risk,"(75, 90]","(2, 4]"
S0927,Male,20,Computer Science,3,83.0,1.8,7.11,55.5,Yes,3,7.1,Low,No,6.7,Yes,2.2,C,49.2,45.79399999999993,At-Risk,"(75, 90]","(0, 2]"
S0928,Female,20,MBA,2,79.1,4.7,7.1,70.2,Yes,2,6.4,High,Yes,4.5,No,7.1,D,41.8,44.70800000000004,At-Risk,"(75, 90]","(4, 6]"
S0929,Female,20,BBA,3,88.7,8.400000000000002,10.0,76.1,Yes,0,6.4,Low,Yes,3.3,No,12.9,A,78.8,73.11500000000005,Average,"(75, 90]","(6, 10]"
S0930,Male,18,Electrical,4,73.7,5.5,7.82,59.9,No,2,6.7,Medium,Yes,5.7,Yes,29.4,D,32.3,36.92500000000005,At-Risk,"(60, 75]","(4, 6]"
S0931,Male,20,Electrical,1,72.2,5.0,6.96,48.2,No,0,7.2,Low,No,2.9,No,4.9,C,46.9,40.119,At-Risk,"(60, 75]","(4, 6]"
S0932,Female,20,Mechanical,1,82.9,3.8,8.06,77.2,Yes,0,8.0,Low,Yes,4.1,No,8.2,C,47.1,53.466,At-Risk,"(75, 90]","(2, 4]"
S0933,Other,20,Mechanical,1,83.0,6.5,9.22,81.1,Yes,2,6.0,Medium,Yes,3.3,No,22.2,C,58.6,58.28700000000003,At-Risk,"(75, 90]","(6, 10]"
S0934,Female,20,Computer Science,3,74.4,2.9,5.06,71.6,Yes,2,5.3,High,Yes,7.1,No,5.4,F,27.5,32.275000000000006,At-Risk,"(60, 75]","(2, 4]"
S0935,Male,21,BBA,3,72.2,5.6,8.49,74.0,No,0,5.8,Low,No,3.1,No,2.2,D,38.1,43.45099999999998,At-Risk,"(60, 75]","(4, 6]"
S0936,Male,22,MBA,3,74.0,2.2,6.54,73.4,Yes,2,5.4,Low,Yes,5.8,Yes,29.4,D,42.8,35.729,At-Risk,"(60, 75]","(2, 4]"
S0937,Male,19,BBA,4,78.6,1.3,7.39,68.9,No,3,4.7,Low,No,3.1,Yes,7.7,F,15.1,27.698999999999977,At-Risk,"(75, 90]","(0, 2]"
S0938,Female,22,Electrical,3,78.4,2.7,5.94,47.3,No,1,8.2,Low,No,7.0,No,8.0,D,40.7,41.54299999999996,At-Risk,"(75, 90]","(2, 4]"
S0939,Male,20,Computer Science,1,75.2,4.5,8.11,78.3,Yes,1,7.5,Low,Yes,7.2,No,10.7,C,49.9,50.23699999999999,At-Risk,"(75, 90]","(4, 6]"
S0940,Female,18,Civil,2,72.7,6.1,7.31,70.1,Yes,1,3.8,Medium,Yes,5.5,No,1.0,C,47.7,46.672999999999945,At-Risk,"(60, 75]","(6, 10]"
S0941,Male,18,Computer Science,2,75.5,6.1,8.42,84.4,Yes,2,6.8,Low,Yes,6.0,No,27.8,C,58.6,55.85500000000002,At-Risk,"(75, 90]","(6, 10]"
S0942,Female,19,Electronics,2,70.1,2.6,6.24,74.1,Yes,2,6.0,Low,No,3.0,No,5.5,D,31.9,36.510999999999996,At-Risk,"(60, 75]","(2, 4]"
S0943,Female,21,Computer Science,3,68.6,3.7,6.26,71.8,Yes,2,5.9,Medium,Yes,5.8,No,6.1,C,53.6,48.37700000000002,At-Risk,"(60, 75]","(2, 4]"
S0944,Female,21,BBA,4,79.3,4.2,7.46,59.7,No,2,3.5,Medium,No,6.0,Yes,2.9,F,26.2,35.77299999999996,At-Risk,"(75, 90]","(4, 6]"
S0945,Male,21,Electronics,2,87.5,5.2,10.0,90.1,Yes,2,6.5,Low,Yes,6.2,Yes,5.8,B,66.3,58.19499999999999,At-Risk,"(75, 90]","(4, 6]"
S0946,Male,20,Electronics,2,84.7,4.9,8.48,76.6,Yes,2,6.6,Low,Yes,5.9,No,17.3,C,55.6,56.96699999999999,At-Risk,"(75, 90]","(4, 6]"
S0947,Male,20,Electronics,3,93.1,6.1,8.81,88.5,Yes,0,5.1,Medium,Yes,6.3,No,17.1,C,59.0,59.624,At-Risk,"(90, 100]","(6, 10]"
S0948,Female,18,Civil,2,73.0,4.2,7.43,64.4,No,1,8.4,Low,No,5.1,Yes,28.5,C,50.0,42.23,At-Risk,"(60, 75]","(4, 6]"
S0949,Female,19,Computer Science,1,80.8,5.6,8.36,75.2,Yes,3,7.4,Medium,Yes,8.1,No,6.2,C,58.1,55.486000000000004,At-Risk,"(75, 90]","(4, 6]"
S0950,Female,20,BBA,2,73.1,4.4,5.86,46.6,No,1,5.2,Low,No,6.5,No,13.3,D,34.8,39.45999999999999,At-Risk,"(60, 75]","(4, 6]"
S0951,Female,18,Computer Science,1,75.7,4.2,6.65,66.5,Yes,3,7.7,Medium,Yes,6.8,No,8.1,D,42.6,42.69499999999998,At-Risk,"(75, 90]","(4, 6]"
S0952,Female,19,Civil,4,74.0,5.0,5.6,61.5,No,0,5.9,Low,No,5.9,No,17.3,F,28.6,35.54099999999996,At-Risk,"(60, 75]","(4, 6]"
S0953,Male,20,Electrical,1,84.9,5.2,6.33,72.6,Yes,3,7.8,Medium,Yes,7.3,No,13.5,D,44.2,50.66599999999996,At-Risk,"(75, 90]","(4, 6]"
S0954,Female,21,Mechanical,2,76.2,3.5,7.19,60.8,No,3,4.8,High,Yes,6.6,No,5.6,C,50.5,46.46899999999999,At-Risk,"(75, 90]","(2, 4]"
S0955,Male,25,BBA,2,59.4,5.1,4.91,56.6,No,2,6.7,Medium,Yes,3.0,No,5.1,D,37.9,27.608999999999995,At-Risk,"(0, 60]","(4, 6]"
S0956,Male,23,BBA,4,67.0,6.1,7.21,64.8,Yes,0,5.0,Low,Yes,3.0,No,3.9,C,45.9,45.627000000000024,At-Risk,"(60, 75]","(6, 10]"
S0957,Female,20,Computer Science,1,60.1,0.7,6.96,35.4,No,1,5.5,Low,No,2.3,Yes,9.6,F,17.3,20.43299999999999,At-Risk,"(60, 75]","(0, 2]"
S0958,Male,20,Mechanical,1,73.5,5.6,8.0,70.5,No,1,4.2,Low,Yes,5.0,No,29.4,C,59.6,54.22900000000005,At-Risk,"(60, 75]","(4, 6]"
S0959,Male,20,MBA,1,83.3,5.6,6.57,70.5,Yes,3,5.0,Low,Yes,6.6,No,3.2,C,46.6,49.03000000000001,At-Risk,"(75, 90]","(4, 6]"
S0960,Female,21,MBA,1,83.4,4.7,8.62,70.8,No,1,5.0,Low,Yes,1.0,Yes,2.0,C,46.7,47.42699999999994,At-Risk,"(75, 90]","(4, 6]"
S0961,Male,18,Civil,1,84.5,3.6,7.62,62.5,Yes,2,4.9,Medium,Yes,5.2,Yes,2.3,B,62.9,58.02499999999997,At-Risk,"(75, 90]","(2, 4]"
S0962,Female,20,MBA,3,71.4,3.3,6.84,59.7,No,0,6.7,Medium,Yes,7.1,Yes,16.3,D,39.6,38.771999999999956,At-Risk,"(60, 75]","(2, 4]"
S0963,Male,22,BBA,1,64.6,2.1,4.46,62.0,No,1,4.4,Medium,Yes,5.5,Yes,5.3,D,39.7,29.777,At-Risk,"(60, 75]","(2, 4]"
S0964,Male,19,MBA,1,59.5,3.3,6.96,49.5,No,1,6.9,Medium,No,1.4,Yes,3.5,F,28.6,26.77700000000001,At-Risk,"(0, 60]","(2, 4]"
S0965,Male,20,Electrical,3,76.6,4.2,5.76,54.6,No,1,7.7,Medium,No,8.2,No,5.4,D,41.8,42.96000000000006,At-Risk,"(75, 90]","(4, 6]"
S0966,Male,20,Electrical,2,81.7,4.3,8.21,73.5,Yes,2,5.4,Low,Yes,5.4,Yes,11.4,D,43.7,45.66099999999993,At-Risk,"(75, 90]","(4, 6]"
S0967,Female,18,Electrical,2,76.3,4.7,6.97,63.5,Yes,1,6.4,High,Yes,5.2,No,8.9,D,42.6,44.23699999999999,At-Risk,"(75, 90]","(4, 6]"
S0968,Male,19,MBA,2,71.6,5.7,7.74,68.0,No,0,6.1,Low,No,6.1,No,14.6,C,50.2,48.77499999999999,At-Risk,"(60, 75]","(4, 6]"
S0969,Female,19,Civil,4,88.2,6.0,9.72,77.7,Yes,0,6.0,Medium,Yes,2.5,Yes,5.1,B,65.4,63.13999999999993,Average,"(75, 90]","(4, 6]"
S0970,Male,17,Electronics,1,65.0,2.3,4.94,51.8,No,0,3.4,Medium,No,5.1,Yes,7.0,D,35.2,33.00999999999996,At-Risk,"(60, 75]","(2, 4]"
S0971,Female,17,Electronics,4,78.2,5.2,6.97,60.2,No,5,5.1,Medium,Yes,6.7,No,2.1,C,47.3,47.387000000000064,At-Risk,"(75, 90]","(4, 6]"
S0972,Female,22,Mechanical,3,75.3,4.0,7.21,65.9,Yes,0,8.3,Medium,Yes,6.1,No,1.8,D,37.2,40.79599999999995,At-Risk,"(75, 90]","(2, 4]"
S0973,Female,19,Electronics,1,70.3,4.4,8.39,64.0,No,3,6.9,Low,No,5.0,No,7.2,C,54.7,49.491999999999955,At-Risk,"(60, 75]","(4, 6]"
S0974,Male,20,Electronics,4,82.3,5.1,8.56,70.9,No,2,6.2,Medium,No,4.0,Yes,4.6,C,59.0,56.849,At-Risk,"(75, 90]","(4, 6]"
S0975,Male,19,Electrical,1,74.0,7.1,9.31,63.8,No,2,4.1,Medium,Yes,6.0,No,10.5,C,54.6,52.41200000000003,At-Risk,"(60, 75]","(6, 10]"
S0976,Male,23,Electrical,1,77.6,4.7,5.23,66.0,Yes,1,7.2,Medium,Yes,5.8,No,1.4,D,43.5,44.28300000000001,At-Risk,"(75, 90]","(4, 6]"
S0977,Female,19,MBA,3,68.7,3.5,4.67,52.3,Yes,2,5.4,High,Yes,4.4,No,2.3,D,34.6,34.99799999999995,At-Risk,"(60, 75]","(2, 4]"
S0978,Male,20,Mechanical,3,74.3,3.9,7.57,67.8,No,1,5.0,Low,No,5.9,Yes,21.0,D,37.3,40.31300000000005,At-Risk,"(60, 75]","(2, 4]"
S0979,Female,22,Computer Science,3,72.6,5.2,6.91,68.9,Yes,0,5.1,Low,Yes,2.7,No,9.4,F,28.4,33.763000000000034,At-Risk,"(60, 75]","(4, 6]"
S0980,Female,22,BBA,1,84.3,5.6,8.02,72.8,No,1,7.1,Low,No,7.6,No,13.4,C,54.9,57.26199999999997,At-Risk,"(75, 90]","(4, 6]"
S0981,Male,18,Mechanical,2,67.9,2.1,6.49,55.6,No,2,6.4,Low,Yes,5.9,Yes,19.4,F,25.7,29.399999999999988,At-Risk,"(60, 75]","(2, 4]"
S0982,Female,22,Mechanical,3,68.3,4.7,4.37,42.9,No,0,7.5,Medium,Yes,4.9,No,7.2,D,30.5,37.574,At-Risk,"(60, 75]","(4, 6]"
S0983,Male,20,Civil,2,79.2,5.4,8.79,76.7,Yes,1,7.9,Medium,Yes,7.2,No,15.3,C,47.9,55.41599999999998,At-Risk,"(75, 90]","(4, 6]"
S0984,Male,20,MBA,2,64.6,4.1,8.06,74.5,No,3,5.6,Medium,Yes,3.4,Yes,8.4,D,40.1,40.06699999999996,At-Risk,"(60, 75]","(4, 6]"
S0985,Female,18,Civil,1,81.4,4.4,6.36,67.3,Yes,1,6.4,High,Yes,7.8,No,3.5,C,50.0,48.12899999999998,At-Risk,"(75, 90]","(4, 6]"
S0986,Female,18,Mechanical,1,76.3,3.7,4.35,49.6,Yes,3,6.1,High,Yes,5.4,No,5.1,F,11.3,20.325999999999976,At-Risk,"(75, 90]","(2, 4]"
S0987,Female,21,Mechanical,4,78.9,2.9,5.3,64.6,No,1,4.9,High,Yes,7.7,Yes,7.7,D,43.2,42.19999999999994,At-Risk,"(75, 90]","(2, 4]"
S0988,Male,20,Mechanical,2,82.6,4.5,7.78,81.5,Yes,0,5.0,Low,No,7.4,Yes,4.8,C,53.2,52.17799999999995,At-Risk,"(75, 90]","(4, 6]"
S0989,Male,20,Electronics,4,78.0,5.5,6.76,59.6,No,0,6.3,Medium,No,6.4,No,5.1,C,55.1,52.42700000000001,At-Risk,"(75, 90]","(4, 6]"
S0990,Female,21,BBA,2,72.9,0.9,6.96,49.5,No,2,6.4,Low,Yes,8.9,Yes,5.1,F,29.7,30.969999999999967,At-Risk,"(60, 75]","(0, 2]"
S0991,Female,21,BBA,3,74.3,6.1,7.54,54.6,No,0,6.4,Low,No,3.0,No,2.3,C,52.0,51.29000000000002,At-Risk,"(60, 75]","(6, 10]"
S0992,Female,18,Civil,1,80.7,3.1,6.32,67.4,No,1,6.4,Medium,Yes,7.6,Yes,1.9,C,45.4,42.05300000000001,At-Risk,"(75, 90]","(2, 4]"
S0993,Male,20,Mechanical,2,71.1,5.4,7.9,80.2,Yes,2,5.5,Low,Yes,5.3,No,1.5,C,51.6,49.841000000000015,At-Risk,"(60, 75]","(4, 6]"
S0994,Female,18,BBA,1,61.8,1.2,5.56,69.1,Yes,2,9.0,Low,Yes,6.3,Yes,2.2,F,23.3,27.938000000000017,At-Risk,"(60, 75]","(0, 2]"
S0995,Male,21,Electrical,2,76.3,1.9,6.87,51.5,Yes,1,6.8,Low,Yes,4.2,Yes,5.2,C,49.4,44.17200000000002,At-Risk,"(75, 90]","(0, 2]"
S0996,Male,21,BBA,2,71.9,5.8,7.1,61.0,No,1,5.8,Low,No,3.2,No,10.0,C,49.0,46.767999999999994,At-Risk,"(60, 75]","(4, 6]"
S0997,Female,24,MBA,4,74.0,6.2,7.13,67.8,Yes,2,7.0,High,Yes,8.3,No,3.1,B,66.9,60.604999999999976,Average,"(60, 75]","(6, 10]"
S0998,Male,18,MBA,3,60.3,2.5,5.75,40.2,No,2,5.5,Low,No,2.8,Yes,22.9,F,22.0,21.437,At-Risk,"(60, 75]","(2, 4]"
S0999,Female,18,BBA,1,79.8,5.7,9.02,89.3,Yes,2,6.5,Low,Yes,4.7,No,17.5,C,53.8,53.533000000000065,At-Risk,"(75, 90]","(4, 6]"
S1000,Male,19,Electrical,1,82.2,6.7,8.49,71.1,No,1,7.0,Medium,Yes,6.3,No,8.4,C,46.6,49.33599999999999,At-Risk,"(75, 90]","(6, 10]"
S0038,Male,21,Electronics,4,76.3,1.0,5.61,68.7,Yes,1,5.5,Medium,No,4.1,Yes,4.7,D,42.0,41.126000000000005,At-Risk,"(75, 90]","(0, 2]"
S0037,Male,19,BBA,3,84.2,5.2,7.26,74.5,Yes,1,7.5,Medium,No,9.7,No,1.2,C,47.5,48.025,At-Risk,"(75, 90]","(4, 6]"
S0848,Other,18,Computer Science,1,71.6,3.0,5.86,56.7,No,2,6.3,Low,Yes,8.2,No,4.4,D,38.5,37.742,At-Risk,"(60, 75]","(2, 4]"
S0886,Male,20,BBA,1,78.6,6.8,7.52,60.9,Yes,1,7.3,High,Yes,8.8,No,3.6,D,44.7,49.60199999999998,At-Risk,"(75, 90]","(6, 10]"
S0977,Female,19,MBA,3,68.7,3.5,4.67,52.3,Yes,2,5.4,High,Yes,4.4,No,2.3,D,34.6,34.99799999999995,At-Risk,"(60, 75]","(2, 4]"
S0126,Male,20,MBA,3,60.1,4.4,6.36,68.3,Yes,1,6.6,Low,Yes,3.1,No,1.3,F,20.8,22.178999999999988,At-Risk,"(60, 75]","(4, 6]"
S0170,Female,19,BBA,1,76.3,5.4,5.45,50.4,No,0,7.4,Low,No,6.0,No,10.4,D,31.6,33.584999999999944,At-Risk,"(75, 90]","(4, 6]"
S0301,Male,17,Computer Science,4,76.1,2.5,6.69,62.6,No,0,6.1,Medium,Yes,5.8,Yes,29.4,D,44.0,43.37299999999999,At-Risk,"(75, 90]","(2, 4]"
